session_id,customer_id,session_date,traffic_source,device,converted
1,1,2025-01-22,Organic,Desktop,1
2,1,2025-06-19,Organic,Mobile,1
3,1,2025-10-16,Organic,Desktop,1
4,2,2025-03-19,Referral,Desktop,1
5,2,2025-10-23,Referral,Desktop,1
6,2,2025-01-22,Referral,Mobile,1
7,2,2025-12-04,Referral,Desktop,1
8,2,2025-11-16,Referral,Mobile,1
9,3,2025-09-24,Google Ads,Mobile,1
10,3,2025-12-24,Google Ads,Mobile,1
11,3,2025-05-28,Google Ads,Mobile,1
12,4,2025-04-18,Google Ads,Mobile,0
13,4,2025-12-04,Google Ads,Desktop,0
14,4,2025-02-01,Google Ads,Mobile,0
15,5,2025-11-22,Facebook,Desktop,1
16,5,2025-12-05,Facebook,Desktop,0
17,5,2025-01-30,Facebook,Mobile,1
18,5,2025-12-10,Facebook,Desktop,1
19,6,2025-05-30,Referral,Desktop,1
20,6,2025-03-18,Referral,Desktop,1
21,6,2025-03-24,Referral,Mobile,0
22,6,2025-07-08,Referral,Mobile,0
23,6,2025-03-30,Referral,Desktop,1
24,7,2025-11-15,Google Ads,Mobile,0
25,7,2025-08-09,Google Ads,Desktop,0
26,7,2025-06-12,Google Ads,Desktop,0
27,7,2025-01-18,Google Ads,Mobile,1
28,8,2025-04-18,Facebook,Mobile,1
29,8,2025-05-26,Facebook,Desktop,0
30,9,2025-03-13,Instagram,Mobile,1
31,9,2025-11-17,Instagram,Desktop,0
32,9,2025-12-15,Instagram,Desktop,1
33,9,2025-08-01,Instagram,Desktop,1
34,10,2025-11-02,Facebook,Mobile,0
35,10,2025-11-05,Facebook,Mobile,0
36,10,2025-08-29,Facebook,Desktop,1
37,10,2025-10-14,Facebook,Desktop,0
38,10,2025-06-18,Facebook,Desktop,1
39,10,2025-05-14,Facebook,Mobile,1
40,11,2025-12-25,Facebook,Mobile,1
41,11,2025-06-02,Facebook,Desktop,0
42,11,2025-10-13,Facebook,Desktop,1
43,11,2025-01-16,Facebook,Desktop,1
44,12,2025-10-11,Facebook,Desktop,0
45,12,2025-09-03,Facebook,Desktop,0
46,12,2025-03-09,Facebook,Desktop,0
47,12,2025-02-12,Facebook,Desktop,1
48,12,2025-11-13,Facebook,Mobile,1
49,13,2025-04-11,Instagram,Mobile,0
50,13,2025-03-10,Instagram,Desktop,0
51,13,2025-03-26,Instagram,Mobile,0
52,14,2025-01-30,Organic,Mobile,1
53,14,2025-03-28,Organic,Desktop,0
54,15,2025-11-06,Instagram,Mobile,1
55,15,2025-04-16,Instagram,Mobile,0
56,16,2025-03-13,Referral,Desktop,0
57,16,2025-06-17,Referral,Desktop,1
58,16,2025-06-05,Referral,Mobile,1
59,17,2025-08-28,Google Ads,Mobile,1
60,17,2025-02-09,Google Ads,Desktop,1
61,17,2025-07-03,Google Ads,Desktop,1
62,18,2025-12-01,Instagram,Desktop,1
63,18,2025-01-09,Instagram,Desktop,0
64,18,2025-03-21,Instagram,Desktop,1
65,18,2025-04-21,Instagram,Desktop,0
66,19,2025-08-24,Organic,Desktop,1
67,19,2025-03-10,Organic,Desktop,0
68,19,2025-01-28,Organic,Desktop,0
69,19,2025-09-07,Organic,Mobile,1
70,19,2025-11-25,Organic,Mobile,1
71,20,2025-03-02,Google Ads,Mobile,1
72,20,2025-07-09,Google Ads,Desktop,0
73,20,2025-08-21,Google Ads,Desktop,0
74,21,2025-05-28,Referral,Mobile,1
75,21,2025-06-30,Referral,Desktop,1
76,21,2025-12-24,Referral,Desktop,1
77,21,2025-10-02,Referral,Mobile,0
78,21,2025-01-28,Referral,Desktop,0
79,21,2025-07-01,Referral,Mobile,1
80,22,2025-07-24,Google Ads,Desktop,0
81,22,2025-06-12,Google Ads,Mobile,1
82,22,2025-02-21,Google Ads,Desktop,0
83,22,2025-11-23,Google Ads,Mobile,0
84,22,2025-09-09,Google Ads,Mobile,0
85,23,2025-09-15,Instagram,Desktop,0
86,23,2025-03-13,Instagram,Mobile,1
87,23,2025-03-31,Instagram,Mobile,0
88,23,2025-11-02,Instagram,Mobile,1
89,23,2025-04-12,Instagram,Desktop,0
90,23,2025-08-09,Instagram,Desktop,0
91,24,2025-05-10,Organic,Desktop,0
92,24,2025-07-14,Organic,Mobile,1
93,24,2025-09-25,Organic,Mobile,1
94,24,2025-03-21,Organic,Desktop,1
95,24,2025-12-21,Organic,Mobile,1
96,25,2025-12-31,Instagram,Mobile,1
97,25,2025-05-10,Instagram,Mobile,0
98,25,2025-03-02,Instagram,Mobile,1
99,25,2025-05-01,Instagram,Desktop,0
100,26,2025-12-31,Facebook,Desktop,1
101,26,2025-10-18,Facebook,Desktop,0
102,26,2025-03-17,Facebook,Desktop,0
103,27,2025-10-09,Referral,Mobile,1
104,27,2025-04-12,Referral,Mobile,1
105,27,2025-12-08,Referral,Desktop,1
106,27,2025-10-15,Referral,Mobile,0
107,27,2025-10-07,Referral,Desktop,0
108,28,2025-07-06,Organic,Mobile,0
109,28,2025-11-13,Organic,Desktop,1
110,28,2025-08-14,Organic,Desktop,1
111,29,2025-12-31,Google Ads,Desktop,0
112,29,2025-06-03,Google Ads,Mobile,1
113,30,2025-11-17,Instagram,Mobile,1
114,30,2025-08-10,Instagram,Desktop,0
115,31,2025-06-21,Facebook,Mobile,1
116,31,2025-12-06,Facebook,Desktop,1
117,31,2025-07-30,Facebook,Mobile,1
118,32,2025-06-15,Instagram,Mobile,1
119,32,2025-02-01,Instagram,Desktop,1
120,32,2025-09-01,Instagram,Desktop,1
121,32,2025-05-07,Instagram,Mobile,0
122,32,2025-12-25,Instagram,Mobile,1
123,33,2025-08-02,Instagram,Desktop,0
124,33,2025-08-01,Instagram,Desktop,1
125,33,2025-03-03,Instagram,Mobile,0
126,33,2025-03-23,Instagram,Mobile,0
127,33,2025-03-25,Instagram,Mobile,1
128,33,2025-01-12,Instagram,Desktop,0
129,34,2025-07-05,Referral,Mobile,0
130,34,2025-01-03,Referral,Desktop,1
131,34,2025-03-21,Referral,Mobile,0
132,34,2025-09-28,Referral,Mobile,1
133,34,2025-02-03,Referral,Desktop,0
134,35,2025-04-06,Organic,Desktop,0
135,35,2025-10-05,Organic,Mobile,0
136,35,2025-06-02,Organic,Mobile,0
137,36,2025-08-26,Referral,Mobile,0
138,36,2025-07-22,Referral,Mobile,1
139,36,2025-10-12,Referral,Desktop,0
140,36,2025-09-28,Referral,Desktop,0
141,37,2025-10-29,Facebook,Desktop,1
142,37,2025-01-06,Facebook,Desktop,0
143,38,2025-09-12,Google Ads,Mobile,1
144,38,2025-09-02,Google Ads,Desktop,0
145,38,2025-04-16,Google Ads,Mobile,0
146,38,2025-10-01,Google Ads,Mobile,0
147,38,2025-01-12,Google Ads,Desktop,0
148,39,2025-07-15,Instagram,Desktop,0
149,39,2025-09-13,Instagram,Mobile,1
150,39,2025-01-19,Instagram,Desktop,0
151,40,2025-02-21,Instagram,Mobile,0
152,40,2025-10-08,Instagram,Mobile,1
153,40,2025-05-31,Instagram,Mobile,1
154,40,2025-04-05,Instagram,Mobile,0
155,41,2025-03-11,Referral,Desktop,1
156,41,2025-04-07,Referral,Desktop,1
157,42,2025-07-23,Facebook,Mobile,0
158,42,2025-08-28,Facebook,Mobile,0
159,42,2025-01-06,Facebook,Mobile,0
160,42,2025-10-29,Facebook,Mobile,1
161,43,2025-07-18,Facebook,Desktop,1
162,43,2025-02-10,Facebook,Desktop,1
163,43,2025-08-05,Facebook,Desktop,1
164,43,2025-05-01,Facebook,Desktop,0
165,43,2025-01-06,Facebook,Desktop,0
166,44,2025-09-14,Organic,Mobile,0
167,44,2025-08-05,Organic,Mobile,1
168,44,2025-12-09,Organic,Mobile,1
169,44,2025-12-28,Organic,Mobile,0
170,44,2025-12-24,Organic,Desktop,1
171,45,2025-09-23,Facebook,Desktop,0
172,45,2025-04-15,Facebook,Mobile,1
173,46,2025-04-13,Referral,Desktop,1
174,46,2025-09-30,Referral,Mobile,0
175,46,2025-04-19,Referral,Mobile,0
176,46,2025-06-29,Referral,Mobile,0
177,47,2025-08-31,Referral,Desktop,1
178,47,2025-08-19,Referral,Desktop,1
179,48,2025-05-31,Google Ads,Mobile,0
180,48,2025-12-26,Google Ads,Mobile,0
181,48,2025-01-03,Google Ads,Desktop,1
182,48,2025-06-10,Google Ads,Mobile,1
183,49,2025-01-26,Instagram,Desktop,1
184,49,2025-01-11,Instagram,Desktop,0
185,49,2025-03-19,Instagram,Desktop,0
186,49,2025-10-17,Instagram,Desktop,1
187,49,2025-07-05,Instagram,Desktop,0
188,50,2025-01-17,Instagram,Mobile,1
189,50,2025-01-01,Instagram,Mobile,0
190,50,2025-03-25,Instagram,Mobile,0
191,50,2025-02-17,Instagram,Mobile,1
192,50,2025-05-08,Instagram,Desktop,0
193,51,2025-04-07,Referral,Mobile,1
194,51,2025-04-15,Referral,Desktop,1
195,51,2025-07-14,Referral,Mobile,1
196,51,2025-01-06,Referral,Mobile,0
197,52,2025-11-14,Organic,Mobile,1
198,52,2025-02-26,Organic,Mobile,1
199,52,2025-10-31,Organic,Mobile,1
200,52,2025-08-18,Organic,Desktop,1
201,52,2025-04-06,Organic,Mobile,1
202,53,2025-10-23,Google Ads,Desktop,0
203,53,2025-09-08,Google Ads,Desktop,0
204,53,2025-09-07,Google Ads,Desktop,0
205,53,2025-08-14,Google Ads,Mobile,1
206,53,2025-12-19,Google Ads,Desktop,1
207,53,2025-01-15,Google Ads,Mobile,0
208,54,2025-11-03,Organic,Desktop,0
209,54,2025-03-18,Organic,Desktop,1
210,54,2025-05-06,Organic,Mobile,0
211,54,2025-04-14,Organic,Desktop,0
212,54,2025-10-20,Organic,Desktop,1
213,54,2025-03-27,Organic,Desktop,1
214,55,2025-06-06,Organic,Desktop,0
215,55,2025-09-19,Organic,Desktop,1
216,55,2025-08-27,Organic,Mobile,1
217,55,2025-10-22,Organic,Desktop,1
218,55,2025-01-18,Organic,Mobile,0
219,56,2025-10-10,Instagram,Desktop,0
220,56,2025-07-11,Instagram,Desktop,0
221,56,2025-03-12,Instagram,Mobile,0
222,57,2025-11-13,Instagram,Mobile,0
223,57,2025-09-22,Instagram,Mobile,0
224,57,2025-11-06,Instagram,Mobile,1
225,57,2025-04-21,Instagram,Mobile,1
226,58,2025-10-14,Referral,Desktop,1
227,58,2025-08-31,Referral,Desktop,1
228,59,2025-08-03,Facebook,Mobile,1
229,59,2025-04-03,Facebook,Desktop,1
230,60,2025-07-29,Organic,Desktop,1
231,60,2025-12-10,Organic,Mobile,0
232,60,2025-06-14,Organic,Desktop,0
233,60,2025-05-28,Organic,Mobile,1
234,60,2025-07-28,Organic,Desktop,1
235,60,2025-05-17,Organic,Mobile,0
236,61,2025-08-16,Google Ads,Desktop,0
237,61,2025-06-13,Google Ads,Desktop,1
238,61,2025-03-29,Google Ads,Mobile,0
239,61,2025-09-22,Google Ads,Desktop,1
240,61,2025-10-19,Google Ads,Desktop,1
241,61,2025-06-10,Google Ads,Desktop,0
242,62,2025-04-28,Facebook,Desktop,1
243,62,2025-10-12,Facebook,Desktop,1
244,62,2025-04-13,Facebook,Mobile,0
245,63,2025-10-13,Facebook,Mobile,0
246,63,2025-10-27,Facebook,Desktop,1
247,63,2025-06-29,Facebook,Desktop,1
248,63,2025-04-09,Facebook,Desktop,0
249,63,2025-07-20,Facebook,Mobile,0
250,63,2025-07-05,Facebook,Desktop,0
251,64,2025-04-24,Instagram,Desktop,0
252,64,2025-10-05,Instagram,Mobile,0
253,64,2025-03-31,Instagram,Mobile,1
254,64,2025-05-21,Instagram,Mobile,0
255,64,2025-07-07,Instagram,Desktop,1
256,65,2025-11-18,Organic,Desktop,1
257,65,2025-07-25,Organic,Mobile,0
258,66,2025-04-07,Instagram,Mobile,0
259,66,2025-08-25,Instagram,Desktop,1
260,66,2025-11-21,Instagram,Desktop,0
261,66,2025-11-12,Instagram,Desktop,0
262,66,2025-06-23,Instagram,Desktop,1
263,66,2025-06-08,Instagram,Desktop,0
264,67,2025-05-11,Referral,Desktop,1
265,67,2025-12-02,Referral,Mobile,0
266,67,2025-07-02,Referral,Mobile,0
267,67,2025-07-26,Referral,Mobile,1
268,67,2025-04-16,Referral,Desktop,1
269,68,2025-09-05,Facebook,Mobile,1
270,68,2025-09-27,Facebook,Desktop,0
271,68,2025-12-12,Facebook,Desktop,0
272,68,2025-02-18,Facebook,Desktop,0
273,68,2025-03-12,Facebook,Desktop,1
274,68,2025-03-24,Facebook,Desktop,0
275,69,2025-03-16,Referral,Mobile,1
276,69,2025-03-14,Referral,Mobile,1
277,69,2025-02-25,Referral,Desktop,0
278,69,2025-09-09,Referral,Desktop,0
279,69,2025-12-14,Referral,Desktop,0
280,69,2025-08-30,Referral,Desktop,1
281,70,2025-12-04,Organic,Desktop,1
282,70,2025-01-12,Organic,Mobile,0
283,70,2025-08-14,Organic,Mobile,1
284,70,2025-01-05,Organic,Mobile,0
285,70,2025-12-01,Organic,Desktop,0
286,71,2025-05-29,Facebook,Mobile,1
287,71,2025-07-01,Facebook,Mobile,1
288,71,2025-05-21,Facebook,Mobile,1
289,71,2025-12-13,Facebook,Mobile,1
290,71,2025-03-15,Facebook,Desktop,1
291,71,2025-01-20,Facebook,Mobile,0
292,72,2025-05-29,Referral,Desktop,0
293,72,2025-12-16,Referral,Mobile,1
294,73,2025-12-11,Facebook,Mobile,0
295,73,2025-01-08,Facebook,Mobile,0
296,74,2025-04-16,Instagram,Desktop,0
297,74,2025-07-23,Instagram,Desktop,0
298,74,2025-04-18,Instagram,Mobile,0
299,74,2025-01-29,Instagram,Desktop,0
300,74,2025-01-07,Instagram,Desktop,0
301,75,2025-01-28,Google Ads,Mobile,0
302,75,2025-09-22,Google Ads,Mobile,0
303,75,2025-02-16,Google Ads,Mobile,1
304,76,2025-08-07,Organic,Mobile,1
305,76,2025-05-21,Organic,Desktop,0
306,76,2025-05-30,Organic,Mobile,1
307,77,2025-10-09,Instagram,Mobile,0
308,77,2025-10-16,Instagram,Desktop,0
309,78,2025-05-05,Referral,Mobile,0
310,78,2025-05-03,Referral,Mobile,1
311,78,2025-02-20,Referral,Mobile,0
312,78,2025-08-09,Referral,Desktop,1
313,78,2025-07-14,Referral,Desktop,0
314,78,2025-01-18,Referral,Desktop,0
315,79,2025-09-05,Instagram,Desktop,1
316,79,2025-06-10,Instagram,Mobile,0
317,79,2025-05-28,Instagram,Desktop,0
318,79,2025-04-25,Instagram,Mobile,0
319,79,2025-01-15,Instagram,Mobile,1
320,80,2025-03-13,Instagram,Mobile,1
321,80,2025-09-08,Instagram,Desktop,1
322,80,2025-12-13,Instagram,Mobile,1
323,81,2025-09-06,Google Ads,Desktop,0
324,81,2025-05-07,Google Ads,Mobile,1
325,82,2025-03-29,Referral,Mobile,0
326,82,2025-04-24,Referral,Desktop,0
327,83,2025-04-02,Google Ads,Desktop,0
328,83,2025-10-29,Google Ads,Mobile,1
329,83,2025-07-18,Google Ads,Mobile,1
330,84,2025-02-08,Referral,Desktop,1
331,84,2025-01-22,Referral,Mobile,0
332,84,2025-12-10,Referral,Desktop,0
333,85,2025-10-17,Referral,Desktop,0
334,85,2025-09-03,Referral,Mobile,1
335,85,2025-03-24,Referral,Mobile,1
336,85,2025-11-14,Referral,Mobile,1
337,86,2025-05-05,Referral,Desktop,1
338,86,2025-02-28,Referral,Desktop,1
339,86,2025-01-28,Referral,Mobile,0
340,86,2025-07-01,Referral,Mobile,0
341,87,2025-08-12,Facebook,Mobile,1
342,87,2025-03-12,Facebook,Desktop,0
343,88,2025-05-17,Referral,Desktop,1
344,88,2025-05-23,Referral,Mobile,0
345,88,2025-10-13,Referral,Mobile,1
346,88,2025-06-09,Referral,Desktop,1
347,88,2025-03-30,Referral,Mobile,1
348,89,2025-10-30,Google Ads,Mobile,1
349,89,2025-09-13,Google Ads,Mobile,1
350,90,2025-05-19,Organic,Mobile,1
351,90,2025-11-22,Organic,Mobile,1
352,90,2025-03-22,Organic,Mobile,1
353,90,2025-06-28,Organic,Mobile,0
354,90,2025-03-16,Organic,Mobile,1
355,91,2025-07-09,Referral,Desktop,1
356,91,2025-05-20,Referral,Mobile,1
357,91,2025-08-19,Referral,Mobile,1
358,91,2025-12-25,Referral,Mobile,0
359,91,2025-12-23,Referral,Desktop,1
360,92,2025-06-25,Organic,Mobile,0
361,92,2025-03-02,Organic,Desktop,1
362,93,2025-03-06,Organic,Mobile,1
363,93,2025-02-09,Organic,Mobile,1
364,93,2025-10-21,Organic,Mobile,0
365,93,2025-05-26,Organic,Desktop,1
366,93,2025-03-11,Organic,Mobile,1
367,93,2025-06-21,Organic,Mobile,1
368,94,2025-04-02,Referral,Mobile,0
369,94,2025-10-05,Referral,Mobile,1
370,94,2025-07-23,Referral,Mobile,0
371,94,2025-06-11,Referral,Mobile,0
372,95,2025-03-12,Instagram,Mobile,1
373,95,2025-10-26,Instagram,Mobile,1
374,95,2025-06-25,Instagram,Mobile,1
375,95,2025-02-15,Instagram,Mobile,1
376,95,2025-03-01,Instagram,Mobile,1
377,96,2025-03-30,Instagram,Mobile,1
378,96,2025-12-27,Instagram,Desktop,1
379,97,2025-12-10,Google Ads,Desktop,1
380,97,2025-02-07,Google Ads,Mobile,1
381,97,2025-10-01,Google Ads,Mobile,0
382,98,2025-06-28,Organic,Desktop,1
383,98,2025-03-11,Organic,Desktop,1
384,99,2025-09-01,Facebook,Desktop,1
385,99,2025-12-25,Facebook,Mobile,1
386,99,2025-06-25,Facebook,Mobile,1
387,99,2025-04-26,Facebook,Desktop,0
388,100,2025-06-16,Instagram,Desktop,0
389,100,2025-10-05,Instagram,Desktop,0
390,100,2025-01-27,Instagram,Desktop,0
391,100,2025-03-10,Instagram,Desktop,1
392,101,2025-05-24,Google Ads,Mobile,0
393,101,2025-09-10,Google Ads,Mobile,0
394,101,2025-03-15,Google Ads,Desktop,1
395,101,2025-10-26,Google Ads,Desktop,1
396,101,2025-04-29,Google Ads,Mobile,1
397,102,2025-04-27,Instagram,Mobile,1
398,102,2025-03-21,Instagram,Mobile,0
399,102,2025-10-03,Instagram,Mobile,1
400,102,2025-09-15,Instagram,Mobile,1
401,102,2025-12-05,Instagram,Desktop,1
402,103,2025-10-18,Organic,Desktop,1
403,103,2025-08-09,Organic,Desktop,1
404,103,2025-10-05,Organic,Mobile,0
405,103,2025-08-26,Organic,Desktop,1
406,103,2025-08-20,Organic,Mobile,0
407,103,2025-04-21,Organic,Desktop,0
408,104,2025-08-16,Google Ads,Desktop,0
409,104,2025-10-23,Google Ads,Mobile,0
410,104,2025-09-07,Google Ads,Desktop,1
411,104,2025-06-26,Google Ads,Mobile,1
412,105,2025-10-13,Facebook,Desktop,0
413,105,2025-10-17,Facebook,Mobile,1
414,105,2025-04-14,Facebook,Mobile,1
415,105,2025-06-23,Facebook,Mobile,1
416,106,2025-12-10,Organic,Desktop,0
417,106,2025-01-23,Organic,Desktop,0
418,107,2025-02-27,Referral,Desktop,0
419,107,2025-02-08,Referral,Mobile,1
420,107,2025-06-19,Referral,Mobile,0
421,108,2025-10-11,Google Ads,Mobile,1
422,108,2025-06-01,Google Ads,Mobile,1
423,108,2025-01-10,Google Ads,Desktop,0
424,109,2025-08-23,Organic,Mobile,1
425,109,2025-07-02,Organic,Mobile,0
426,109,2025-03-26,Organic,Desktop,1
427,110,2025-12-13,Organic,Mobile,0
428,110,2025-08-31,Organic,Desktop,0
429,110,2025-09-01,Organic,Mobile,0
430,110,2025-07-11,Organic,Desktop,1
431,111,2025-09-21,Organic,Mobile,0
432,111,2025-10-31,Organic,Mobile,0
433,111,2025-08-06,Organic,Desktop,0
434,111,2025-07-28,Organic,Desktop,0
435,112,2025-03-23,Instagram,Mobile,0
436,112,2025-09-18,Instagram,Mobile,0
437,112,2025-02-03,Instagram,Desktop,0
438,112,2025-05-16,Instagram,Desktop,1
439,112,2025-04-13,Instagram,Desktop,0
440,113,2025-04-14,Facebook,Desktop,1
441,113,2025-04-22,Facebook,Mobile,1
442,113,2025-11-03,Facebook,Mobile,1
443,114,2025-02-01,Facebook,Mobile,0
444,114,2025-03-17,Facebook,Desktop,1
445,114,2025-01-16,Facebook,Mobile,1
446,114,2025-07-21,Facebook,Desktop,0
447,114,2025-11-29,Facebook,Desktop,0
448,115,2025-12-02,Instagram,Mobile,0
449,115,2025-12-11,Instagram,Mobile,1
450,115,2025-04-08,Instagram,Mobile,1
451,116,2025-01-23,Organic,Mobile,1
452,116,2025-02-17,Organic,Desktop,0
453,116,2025-07-17,Organic,Mobile,0
454,116,2025-01-24,Organic,Mobile,0
455,117,2025-05-08,Google Ads,Mobile,1
456,117,2025-03-15,Google Ads,Mobile,1
457,117,2025-06-22,Google Ads,Desktop,1
458,117,2025-07-22,Google Ads,Mobile,1
459,117,2025-07-04,Google Ads,Mobile,1
460,117,2025-06-20,Google Ads,Desktop,1
461,118,2025-09-21,Google Ads,Desktop,0
462,118,2025-10-23,Google Ads,Mobile,1
463,118,2025-09-28,Google Ads,Mobile,1
464,118,2025-09-11,Google Ads,Mobile,0
465,118,2025-10-05,Google Ads,Mobile,1
466,118,2025-04-30,Google Ads,Mobile,1
467,119,2025-02-19,Organic,Desktop,1
468,119,2025-11-25,Organic,Desktop,1
469,120,2025-01-20,Google Ads,Desktop,1
470,120,2025-02-24,Google Ads,Desktop,0
471,120,2025-04-02,Google Ads,Desktop,0
472,120,2025-05-17,Google Ads,Mobile,0
473,120,2025-12-09,Google Ads,Desktop,1
474,120,2025-02-13,Google Ads,Mobile,0
475,121,2025-01-19,Organic,Desktop,0
476,121,2025-01-10,Organic,Desktop,1
477,121,2025-09-02,Organic,Mobile,1
478,122,2025-06-19,Facebook,Mobile,1
479,122,2025-08-03,Facebook,Mobile,0
480,122,2025-04-22,Facebook,Desktop,0
481,123,2025-01-01,Facebook,Desktop,1
482,123,2025-03-11,Facebook,Mobile,1
483,123,2025-03-05,Facebook,Desktop,1
484,123,2025-10-17,Facebook,Mobile,0
485,123,2025-07-16,Facebook,Desktop,1
486,123,2025-05-02,Facebook,Desktop,0
487,124,2025-08-24,Instagram,Mobile,1
488,124,2025-11-16,Instagram,Desktop,1
489,124,2025-10-14,Instagram,Mobile,0
490,124,2025-03-27,Instagram,Mobile,0
491,125,2025-06-24,Referral,Desktop,1
492,125,2025-02-24,Referral,Mobile,1
493,125,2025-10-05,Referral,Desktop,0
494,126,2025-09-20,Google Ads,Mobile,1
495,126,2025-09-06,Google Ads,Mobile,0
496,127,2025-04-24,Referral,Mobile,0
497,127,2025-08-09,Referral,Desktop,1
498,127,2025-07-10,Referral,Desktop,1
499,127,2025-02-25,Referral,Mobile,0
500,127,2025-07-26,Referral,Desktop,0
501,128,2025-05-18,Referral,Mobile,1
502,128,2025-09-25,Referral,Desktop,0
503,128,2025-12-03,Referral,Mobile,0
504,128,2025-02-22,Referral,Mobile,1
505,129,2025-06-28,Referral,Desktop,0
506,129,2025-09-13,Referral,Mobile,0
507,129,2025-04-28,Referral,Desktop,0
508,129,2025-03-13,Referral,Desktop,0
509,129,2025-10-23,Referral,Mobile,0
510,130,2025-06-10,Organic,Mobile,1
511,130,2025-05-16,Organic,Mobile,1
512,130,2025-06-09,Organic,Desktop,1
513,130,2025-02-13,Organic,Mobile,0
514,130,2025-10-11,Organic,Mobile,0
515,130,2025-03-16,Organic,Desktop,1
516,131,2025-07-11,Facebook,Desktop,1
517,131,2025-12-06,Facebook,Mobile,0
518,131,2025-03-03,Facebook,Desktop,1
519,131,2025-09-05,Facebook,Mobile,0
520,131,2025-12-11,Facebook,Desktop,1
521,132,2025-01-23,Referral,Mobile,1
522,132,2025-08-19,Referral,Desktop,1
523,132,2025-02-28,Referral,Mobile,0
524,132,2025-04-11,Referral,Mobile,0
525,133,2025-06-08,Referral,Mobile,1
526,133,2025-04-20,Referral,Desktop,0
527,133,2025-05-01,Referral,Desktop,0
528,133,2025-01-15,Referral,Mobile,0
529,134,2025-11-20,Organic,Mobile,0
530,134,2025-10-02,Organic,Desktop,1
531,134,2025-03-29,Organic,Mobile,1
532,134,2025-01-15,Organic,Mobile,0
533,134,2025-07-23,Organic,Desktop,1
534,134,2025-06-20,Organic,Desktop,1
535,135,2025-05-29,Google Ads,Desktop,1
536,135,2025-10-04,Google Ads,Mobile,1
537,135,2025-10-09,Google Ads,Desktop,1
538,135,2025-10-24,Google Ads,Mobile,1
539,135,2025-10-04,Google Ads,Mobile,0
540,135,2025-08-17,Google Ads,Mobile,0
541,136,2025-03-10,Instagram,Desktop,1
542,136,2025-03-21,Instagram,Desktop,1
543,136,2025-03-28,Instagram,Mobile,1
544,136,2025-10-22,Instagram,Mobile,1
545,136,2025-11-02,Instagram,Desktop,0
546,137,2025-12-03,Facebook,Desktop,1
547,137,2025-02-19,Facebook,Desktop,0
548,137,2025-07-27,Facebook,Mobile,1
549,138,2025-05-06,Google Ads,Desktop,1
550,138,2025-04-22,Google Ads,Mobile,0
551,138,2025-04-02,Google Ads,Desktop,0
552,139,2025-05-01,Facebook,Mobile,0
553,139,2025-11-25,Facebook,Desktop,1
554,139,2025-10-30,Facebook,Mobile,1
555,140,2025-05-13,Referral,Mobile,0
556,140,2025-04-23,Referral,Mobile,1
557,140,2025-09-29,Referral,Desktop,0
558,140,2025-01-15,Referral,Mobile,0
559,140,2025-04-12,Referral,Desktop,1
560,141,2025-03-27,Facebook,Desktop,0
561,141,2025-07-23,Facebook,Mobile,0
562,141,2025-06-21,Facebook,Mobile,0
563,141,2025-07-10,Facebook,Desktop,0
564,141,2025-08-01,Facebook,Desktop,0
565,142,2025-03-19,Instagram,Mobile,1
566,142,2025-10-26,Instagram,Desktop,1
567,142,2025-12-01,Instagram,Mobile,1
568,142,2025-08-09,Instagram,Mobile,0
569,143,2025-12-04,Instagram,Mobile,1
570,143,2025-12-27,Instagram,Desktop,1
571,143,2025-11-18,Instagram,Mobile,0
572,143,2025-07-02,Instagram,Desktop,1
573,143,2025-10-26,Instagram,Mobile,0
574,144,2025-10-25,Facebook,Desktop,0
575,144,2025-12-11,Facebook,Mobile,1
576,144,2025-05-12,Facebook,Mobile,0
577,144,2025-10-28,Facebook,Desktop,1
578,144,2025-10-22,Facebook,Desktop,1
579,144,2025-07-12,Facebook,Desktop,0
580,145,2025-03-03,Google Ads,Mobile,1
581,145,2025-04-26,Google Ads,Mobile,1
582,145,2025-10-20,Google Ads,Desktop,1
583,145,2025-04-06,Google Ads,Desktop,0
584,145,2025-12-26,Google Ads,Mobile,0
585,145,2025-06-22,Google Ads,Desktop,0
586,146,2025-08-15,Facebook,Mobile,1
587,146,2025-05-01,Facebook,Desktop,1
588,146,2025-12-28,Facebook,Desktop,1
589,147,2025-09-17,Referral,Mobile,0
590,147,2025-05-12,Referral,Mobile,0
591,148,2025-03-25,Google Ads,Desktop,1
592,148,2025-03-26,Google Ads,Mobile,1
593,148,2025-06-19,Google Ads,Mobile,0
594,148,2025-08-10,Google Ads,Mobile,0
595,149,2025-07-11,Facebook,Mobile,1
596,149,2025-02-12,Facebook,Desktop,0
597,149,2025-07-11,Facebook,Mobile,0
598,149,2025-12-23,Facebook,Desktop,1
599,149,2025-03-15,Facebook,Desktop,1
600,149,2025-11-09,Facebook,Mobile,1
601,150,2025-12-06,Google Ads,Mobile,0
602,150,2025-07-29,Google Ads,Desktop,0
603,151,2025-08-16,Google Ads,Mobile,0
604,151,2025-08-31,Google Ads,Mobile,0
605,151,2025-01-10,Google Ads,Desktop,1
606,152,2025-11-08,Organic,Mobile,0
607,152,2025-10-11,Organic,Mobile,1
608,152,2025-11-02,Organic,Desktop,0
609,152,2025-07-04,Organic,Desktop,1
610,152,2025-06-26,Organic,Mobile,0
611,153,2025-03-11,Facebook,Mobile,1
612,153,2025-07-16,Facebook,Mobile,0
613,154,2025-02-12,Referral,Mobile,1
614,154,2025-03-19,Referral,Mobile,0
615,154,2025-09-28,Referral,Desktop,1
616,154,2025-12-30,Referral,Mobile,1
617,155,2025-04-21,Referral,Desktop,0
618,155,2025-04-18,Referral,Desktop,1
619,155,2025-11-04,Referral,Desktop,0
620,155,2025-12-27,Referral,Mobile,0
621,155,2025-09-21,Referral,Mobile,1
622,155,2025-12-17,Referral,Desktop,0
623,156,2025-01-07,Referral,Mobile,0
624,156,2025-10-28,Referral,Desktop,1
625,156,2025-07-25,Referral,Desktop,1
626,156,2025-06-23,Referral,Mobile,0
627,156,2025-06-02,Referral,Mobile,0
628,156,2025-12-18,Referral,Desktop,0
629,157,2025-01-03,Instagram,Mobile,0
630,157,2025-05-31,Instagram,Mobile,0
631,158,2025-02-02,Facebook,Desktop,1
632,158,2025-12-13,Facebook,Mobile,0
633,158,2025-10-15,Facebook,Mobile,0
634,158,2025-04-19,Facebook,Mobile,1
635,158,2025-11-07,Facebook,Mobile,1
636,159,2025-09-10,Google Ads,Mobile,1
637,159,2025-12-22,Google Ads,Mobile,0
638,160,2025-04-14,Referral,Desktop,1
639,160,2025-01-23,Referral,Mobile,0
640,160,2025-05-15,Referral,Mobile,1
641,160,2025-01-27,Referral,Desktop,1
642,161,2025-08-01,Organic,Mobile,1
643,161,2025-12-22,Organic,Desktop,1
644,161,2025-05-10,Organic,Desktop,1
645,161,2025-12-26,Organic,Desktop,0
646,162,2025-08-30,Instagram,Mobile,1
647,162,2025-09-18,Instagram,Mobile,1
648,163,2025-10-30,Organic,Mobile,0
649,163,2025-08-24,Organic,Desktop,1
650,163,2025-09-13,Organic,Desktop,0
651,163,2025-08-11,Organic,Mobile,1
652,164,2025-12-21,Organic,Desktop,0
653,164,2025-04-09,Organic,Mobile,1
654,164,2025-02-22,Organic,Desktop,0
655,164,2025-05-21,Organic,Mobile,1
656,164,2025-05-05,Organic,Mobile,1
657,165,2025-05-23,Referral,Desktop,1
658,165,2025-03-12,Referral,Desktop,1
659,166,2025-06-25,Google Ads,Mobile,0
660,166,2025-04-22,Google Ads,Desktop,0
661,166,2025-10-04,Google Ads,Mobile,1
662,166,2025-05-15,Google Ads,Mobile,0
663,166,2025-02-13,Google Ads,Desktop,1
664,166,2025-05-02,Google Ads,Mobile,1
665,167,2025-02-22,Referral,Mobile,1
666,167,2025-07-11,Referral,Desktop,0
667,167,2025-11-25,Referral,Mobile,0
668,168,2025-08-24,Organic,Desktop,0
669,168,2025-09-19,Organic,Desktop,1
670,168,2025-09-15,Organic,Desktop,0
671,168,2025-09-16,Organic,Mobile,0
672,168,2025-07-15,Organic,Desktop,0
673,169,2025-06-17,Organic,Desktop,0
674,169,2025-04-21,Organic,Desktop,1
675,169,2025-11-20,Organic,Mobile,1
676,169,2025-07-24,Organic,Desktop,0
677,169,2025-04-04,Organic,Desktop,1
678,169,2025-01-31,Organic,Desktop,0
679,170,2025-09-23,Organic,Desktop,1
680,170,2025-03-01,Organic,Desktop,1
681,170,2025-12-02,Organic,Desktop,1
682,171,2025-10-03,Referral,Mobile,0
683,171,2025-05-12,Referral,Mobile,1
684,171,2025-05-15,Referral,Desktop,0
685,171,2025-02-17,Referral,Mobile,1
686,171,2025-01-22,Referral,Desktop,1
687,172,2025-07-03,Organic,Desktop,0
688,172,2025-02-01,Organic,Mobile,0
689,172,2025-11-21,Organic,Mobile,1
690,172,2025-08-18,Organic,Mobile,0
691,172,2025-03-22,Organic,Desktop,0
692,173,2025-03-31,Instagram,Desktop,0
693,173,2025-04-10,Instagram,Desktop,0
694,173,2025-01-27,Instagram,Mobile,1
695,173,2025-08-17,Instagram,Mobile,0
696,174,2025-04-07,Facebook,Desktop,0
697,174,2025-07-07,Facebook,Mobile,1
698,174,2025-02-06,Facebook,Mobile,0
699,174,2025-05-16,Facebook,Desktop,0
700,175,2025-05-18,Referral,Desktop,1
701,175,2025-04-04,Referral,Mobile,0
702,175,2025-08-17,Referral,Mobile,0
703,175,2025-12-22,Referral,Mobile,0
704,175,2025-01-04,Referral,Mobile,1
705,175,2025-08-06,Referral,Desktop,1
706,176,2025-03-14,Instagram,Desktop,0
707,176,2025-07-01,Instagram,Mobile,0
708,176,2025-11-28,Instagram,Mobile,1
709,177,2025-02-08,Referral,Mobile,0
710,177,2025-03-29,Referral,Desktop,0
711,177,2025-11-08,Referral,Desktop,1
712,177,2025-04-08,Referral,Mobile,1
713,178,2025-08-01,Facebook,Desktop,1
714,178,2025-04-13,Facebook,Mobile,1
715,178,2025-01-04,Facebook,Mobile,0
716,178,2025-08-05,Facebook,Mobile,1
717,178,2025-12-18,Facebook,Mobile,0
718,178,2025-12-29,Facebook,Mobile,1
719,179,2025-06-24,Google Ads,Desktop,0
720,179,2025-02-25,Google Ads,Mobile,1
721,179,2025-03-22,Google Ads,Desktop,1
722,179,2025-08-28,Google Ads,Desktop,1
723,179,2025-12-26,Google Ads,Mobile,0
724,180,2025-11-29,Google Ads,Desktop,1
725,180,2025-02-24,Google Ads,Desktop,0
726,181,2025-03-23,Referral,Mobile,0
727,181,2025-05-23,Referral,Desktop,0
728,182,2025-09-03,Instagram,Desktop,0
729,182,2025-05-20,Instagram,Mobile,0
730,182,2025-06-29,Instagram,Mobile,0
731,183,2025-12-19,Organic,Desktop,1
732,183,2025-09-21,Organic,Desktop,0
733,183,2025-04-24,Organic,Desktop,0
734,184,2025-06-24,Facebook,Desktop,0
735,184,2025-02-23,Facebook,Desktop,0
736,184,2025-08-25,Facebook,Desktop,1
737,185,2025-08-16,Referral,Desktop,1
738,185,2025-06-04,Referral,Desktop,0
739,185,2025-03-26,Referral,Mobile,0
740,185,2025-08-04,Referral,Mobile,1
741,186,2025-04-01,Google Ads,Desktop,0
742,186,2025-06-10,Google Ads,Mobile,0
743,186,2025-06-04,Google Ads,Mobile,1
744,186,2025-04-05,Google Ads,Desktop,1
745,187,2025-05-21,Referral,Mobile,1
746,187,2025-05-04,Referral,Mobile,1
747,187,2025-06-07,Referral,Mobile,0
748,187,2025-11-13,Referral,Desktop,0
749,187,2025-12-08,Referral,Desktop,0
750,188,2025-05-30,Organic,Mobile,1
751,188,2025-07-10,Organic,Desktop,1
752,188,2025-03-14,Organic,Desktop,0
753,188,2025-08-17,Organic,Desktop,0
754,188,2025-10-19,Organic,Desktop,0
755,189,2025-04-14,Google Ads,Mobile,0
756,189,2025-11-07,Google Ads,Mobile,1
757,189,2025-09-28,Google Ads,Desktop,1
758,189,2025-03-11,Google Ads,Mobile,1
759,190,2025-06-19,Google Ads,Desktop,1
760,190,2025-03-24,Google Ads,Mobile,0
761,190,2025-06-25,Google Ads,Mobile,0
762,191,2025-07-18,Google Ads,Desktop,0
763,191,2025-03-15,Google Ads,Desktop,0
764,191,2025-04-18,Google Ads,Desktop,0
765,191,2025-09-25,Google Ads,Desktop,0
766,191,2025-04-02,Google Ads,Desktop,1
767,191,2025-05-25,Google Ads,Mobile,0
768,192,2025-06-13,Facebook,Mobile,0
769,192,2025-07-01,Facebook,Mobile,0
770,192,2025-12-25,Facebook,Mobile,1
771,192,2025-11-15,Facebook,Desktop,1
772,192,2025-09-24,Facebook,Desktop,1
773,192,2025-02-06,Facebook,Mobile,1
774,193,2025-08-04,Facebook,Mobile,1
775,193,2025-08-14,Facebook,Mobile,0
776,193,2025-08-08,Facebook,Mobile,0
777,193,2025-09-30,Facebook,Desktop,0
778,194,2025-12-27,Referral,Desktop,0
779,194,2025-05-16,Referral,Mobile,0
780,194,2025-04-06,Referral,Desktop,1
781,194,2025-06-28,Referral,Desktop,0
782,194,2025-09-07,Referral,Mobile,0
783,194,2025-03-17,Referral,Desktop,1
784,195,2025-01-19,Facebook,Desktop,1
785,195,2025-12-20,Facebook,Mobile,0
786,196,2025-10-02,Google Ads,Mobile,0
787,196,2025-01-02,Google Ads,Desktop,1
788,196,2025-02-03,Google Ads,Mobile,1
789,196,2025-03-02,Google Ads,Desktop,1
790,197,2025-04-23,Google Ads,Desktop,0
791,197,2025-04-03,Google Ads,Desktop,1
792,197,2025-11-02,Google Ads,Desktop,0
793,197,2025-12-10,Google Ads,Mobile,0
794,197,2025-12-29,Google Ads,Mobile,1
795,198,2025-07-18,Facebook,Desktop,0
796,198,2025-11-15,Facebook,Desktop,1
797,198,2025-12-19,Facebook,Desktop,0
798,198,2025-07-09,Facebook,Desktop,0
799,199,2025-08-13,Organic,Desktop,0
800,199,2025-11-11,Organic,Desktop,1
801,200,2025-05-09,Instagram,Desktop,0
802,200,2025-09-22,Instagram,Desktop,0
803,200,2025-03-10,Instagram,Desktop,0
804,200,2025-09-18,Instagram,Desktop,1
805,200,2025-06-25,Instagram,Desktop,0
806,200,2025-02-24,Instagram,Mobile,1
807,201,2025-06-02,Instagram,Desktop,1
808,201,2025-03-02,Instagram,Desktop,1
809,201,2025-01-22,Instagram,Desktop,0
810,201,2025-08-10,Instagram,Desktop,0
811,201,2025-11-07,Instagram,Desktop,1
812,202,2025-05-24,Instagram,Desktop,1
813,202,2025-04-19,Instagram,Mobile,1
814,203,2025-12-08,Facebook,Desktop,1
815,203,2025-08-22,Facebook,Mobile,0
816,203,2025-07-04,Facebook,Desktop,1
817,203,2025-09-15,Facebook,Mobile,0
818,203,2025-09-03,Facebook,Desktop,0
819,204,2025-02-17,Referral,Desktop,0
820,204,2025-10-26,Referral,Mobile,0
821,204,2025-09-26,Referral,Desktop,0
822,205,2025-04-01,Google Ads,Desktop,1
823,205,2025-08-06,Google Ads,Desktop,0
824,205,2025-01-21,Google Ads,Desktop,1
825,205,2025-10-13,Google Ads,Mobile,1
826,205,2025-02-28,Google Ads,Mobile,1
827,205,2025-06-16,Google Ads,Desktop,1
828,206,2025-02-07,Organic,Mobile,0
829,206,2025-03-06,Organic,Mobile,0
830,206,2025-08-18,Organic,Mobile,0
831,206,2025-04-06,Organic,Desktop,0
832,206,2025-08-11,Organic,Desktop,1
833,206,2025-05-09,Organic,Mobile,0
834,207,2025-06-15,Organic,Mobile,0
835,207,2025-08-04,Organic,Mobile,1
836,208,2025-03-02,Google Ads,Desktop,0
837,208,2025-03-08,Google Ads,Mobile,1
838,208,2025-07-28,Google Ads,Mobile,1
839,208,2025-03-23,Google Ads,Desktop,0
840,209,2025-01-05,Organic,Mobile,1
841,209,2025-05-11,Organic,Desktop,0
842,209,2025-02-19,Organic,Desktop,0
843,209,2025-07-03,Organic,Mobile,1
844,209,2025-08-31,Organic,Mobile,1
845,209,2025-06-13,Organic,Mobile,1
846,210,2025-12-20,Instagram,Mobile,0
847,210,2025-01-09,Instagram,Desktop,1
848,210,2025-09-10,Instagram,Desktop,0
849,210,2025-08-12,Instagram,Mobile,1
850,210,2025-09-01,Instagram,Mobile,0
851,211,2025-11-12,Google Ads,Mobile,0
852,211,2025-06-14,Google Ads,Desktop,1
853,212,2025-09-01,Referral,Desktop,0
854,212,2025-06-07,Referral,Mobile,1
855,212,2025-07-12,Referral,Mobile,0
856,212,2025-04-13,Referral,Mobile,1
857,212,2025-05-08,Referral,Desktop,0
858,213,2025-04-04,Referral,Mobile,0
859,213,2025-09-05,Referral,Mobile,0
860,213,2025-10-01,Referral,Desktop,1
861,213,2025-07-01,Referral,Desktop,0
862,214,2025-03-12,Facebook,Mobile,0
863,214,2025-10-07,Facebook,Mobile,0
864,214,2025-05-26,Facebook,Mobile,1
865,214,2025-04-16,Facebook,Desktop,0
866,214,2025-03-09,Facebook,Desktop,1
867,215,2025-02-06,Organic,Desktop,1
868,215,2025-02-23,Organic,Desktop,1
869,216,2025-03-23,Referral,Mobile,0
870,216,2025-01-21,Referral,Desktop,1
871,216,2025-03-14,Referral,Desktop,0
872,216,2025-07-31,Referral,Desktop,0
873,216,2025-07-09,Referral,Desktop,1
874,216,2025-10-25,Referral,Mobile,1
875,217,2025-09-28,Referral,Desktop,1
876,217,2025-09-03,Referral,Mobile,0
877,218,2025-05-25,Google Ads,Desktop,1
878,218,2025-06-22,Google Ads,Desktop,1
879,218,2025-09-27,Google Ads,Desktop,1
880,218,2025-02-20,Google Ads,Mobile,1
881,218,2025-10-17,Google Ads,Desktop,1
882,218,2025-06-28,Google Ads,Mobile,1
883,219,2025-09-18,Facebook,Desktop,0
884,219,2025-01-22,Facebook,Desktop,0
885,219,2025-04-27,Facebook,Mobile,0
886,220,2025-01-27,Instagram,Desktop,1
887,220,2025-10-04,Instagram,Desktop,0
888,221,2025-01-14,Google Ads,Mobile,1
889,221,2025-11-22,Google Ads,Desktop,0
890,222,2025-05-15,Instagram,Desktop,0
891,222,2025-07-29,Instagram,Mobile,1
892,223,2025-08-21,Facebook,Desktop,0
893,223,2025-03-28,Facebook,Desktop,1
894,223,2025-11-29,Facebook,Desktop,0
895,224,2025-02-16,Google Ads,Mobile,1
896,224,2025-04-22,Google Ads,Mobile,0
897,224,2025-03-02,Google Ads,Desktop,1
898,225,2025-08-05,Facebook,Desktop,0
899,225,2025-09-19,Facebook,Mobile,1
900,225,2025-11-03,Facebook,Mobile,0
901,225,2025-06-28,Facebook,Mobile,1
902,225,2025-09-05,Facebook,Mobile,1
903,226,2025-11-24,Google Ads,Mobile,0
904,226,2025-05-15,Google Ads,Desktop,0
905,226,2025-03-20,Google Ads,Mobile,1
906,227,2025-04-27,Google Ads,Desktop,1
907,227,2025-11-17,Google Ads,Mobile,0
908,227,2025-12-02,Google Ads,Mobile,0
909,228,2025-08-17,Facebook,Desktop,1
910,228,2025-06-12,Facebook,Desktop,0
911,228,2025-12-18,Facebook,Desktop,1
912,229,2025-03-17,Instagram,Desktop,0
913,229,2025-01-07,Instagram,Mobile,0
914,229,2025-05-02,Instagram,Desktop,0
915,229,2025-01-09,Instagram,Desktop,0
916,229,2025-04-09,Instagram,Mobile,0
917,229,2025-07-23,Instagram,Mobile,1
918,230,2025-01-13,Organic,Desktop,1
919,230,2025-04-06,Organic,Mobile,1
920,230,2025-01-15,Organic,Desktop,1
921,230,2025-08-27,Organic,Desktop,1
922,230,2025-03-30,Organic,Desktop,0
923,231,2025-08-17,Referral,Mobile,0
924,231,2025-01-26,Referral,Mobile,0
925,231,2025-10-04,Referral,Mobile,0
926,231,2025-05-21,Referral,Mobile,0
927,232,2025-08-03,Google Ads,Desktop,0
928,232,2025-06-19,Google Ads,Mobile,0
929,232,2025-07-06,Google Ads,Mobile,1
930,232,2025-04-15,Google Ads,Desktop,1
931,232,2025-07-06,Google Ads,Mobile,1
932,232,2025-03-10,Google Ads,Mobile,0
933,233,2025-08-07,Referral,Mobile,0
934,233,2025-01-09,Referral,Desktop,0
935,233,2025-06-24,Referral,Mobile,0
936,233,2025-06-14,Referral,Mobile,0
937,233,2025-09-08,Referral,Mobile,0
938,233,2025-07-22,Referral,Desktop,0
939,234,2025-01-26,Referral,Mobile,1
940,234,2025-10-26,Referral,Mobile,0
941,234,2025-02-19,Referral,Mobile,0
942,234,2025-07-14,Referral,Desktop,1
943,235,2025-08-24,Organic,Mobile,0
944,235,2025-10-20,Organic,Mobile,0
945,235,2025-03-15,Organic,Desktop,0
946,235,2025-11-25,Organic,Mobile,0
947,236,2025-01-03,Organic,Mobile,1
948,236,2025-12-01,Organic,Desktop,0
949,237,2025-02-03,Referral,Mobile,1
950,237,2025-05-23,Referral,Mobile,1
951,237,2025-03-31,Referral,Desktop,0
952,238,2025-08-15,Google Ads,Mobile,0
953,238,2025-07-09,Google Ads,Desktop,1
954,238,2025-05-19,Google Ads,Mobile,0
955,238,2025-02-13,Google Ads,Mobile,0
956,239,2025-02-20,Organic,Desktop,1
957,239,2025-12-08,Organic,Desktop,1
958,239,2025-04-22,Organic,Mobile,1
959,240,2025-11-08,Instagram,Mobile,1
960,240,2025-03-23,Instagram,Desktop,0
961,240,2025-01-22,Instagram,Mobile,1
962,241,2025-05-10,Organic,Mobile,0
963,241,2025-01-09,Organic,Mobile,0
964,242,2025-05-04,Referral,Mobile,0
965,242,2025-11-27,Referral,Desktop,1
966,242,2025-04-06,Referral,Desktop,0
967,242,2025-12-24,Referral,Desktop,0
968,243,2025-03-07,Instagram,Mobile,1
969,243,2025-10-15,Instagram,Mobile,0
970,244,2025-07-07,Facebook,Mobile,1
971,244,2025-08-10,Facebook,Mobile,0
972,244,2025-01-16,Facebook,Desktop,1
973,244,2025-01-20,Facebook,Mobile,0
974,244,2025-02-20,Facebook,Mobile,0
975,245,2025-03-05,Facebook,Desktop,1
976,245,2025-01-25,Facebook,Desktop,0
977,245,2025-06-14,Facebook,Desktop,0
978,245,2025-12-02,Facebook,Desktop,0
979,245,2025-02-16,Facebook,Desktop,1
980,245,2025-04-30,Facebook,Desktop,0
981,246,2025-03-08,Referral,Desktop,1
982,246,2025-01-15,Referral,Desktop,1
983,246,2025-11-15,Referral,Mobile,1
984,247,2025-10-06,Instagram,Desktop,0
985,247,2025-02-03,Instagram,Desktop,0
986,248,2025-09-03,Instagram,Desktop,1
987,248,2025-03-07,Instagram,Desktop,1
988,248,2025-07-27,Instagram,Desktop,0
989,249,2025-07-07,Referral,Desktop,0
990,249,2025-03-29,Referral,Desktop,1
991,250,2025-01-05,Facebook,Desktop,0
992,250,2025-07-22,Facebook,Desktop,1
993,250,2025-12-06,Facebook,Mobile,0
994,250,2025-09-27,Facebook,Mobile,0
995,250,2025-07-19,Facebook,Desktop,1
996,250,2025-06-12,Facebook,Desktop,0
997,251,2025-11-03,Instagram,Mobile,1
998,251,2025-06-02,Instagram,Mobile,0
999,251,2025-09-20,Instagram,Mobile,1
1000,251,2025-05-15,Instagram,Desktop,0
1001,251,2025-05-01,Instagram,Desktop,0
1002,252,2025-02-28,Instagram,Mobile,1
1003,252,2025-01-14,Instagram,Desktop,1
1004,252,2025-03-27,Instagram,Desktop,1
1005,252,2025-01-06,Instagram,Desktop,0
1006,253,2025-02-02,Instagram,Mobile,1
1007,253,2025-10-16,Instagram,Desktop,1
1008,253,2025-09-05,Instagram,Mobile,1
1009,254,2025-06-28,Referral,Mobile,0
1010,254,2025-09-20,Referral,Desktop,0
1011,254,2025-07-30,Referral,Mobile,1
1012,255,2025-02-24,Facebook,Desktop,0
1013,255,2025-09-23,Facebook,Desktop,1
1014,255,2025-10-13,Facebook,Desktop,0
1015,255,2025-12-17,Facebook,Mobile,1
1016,255,2025-12-01,Facebook,Desktop,1
1017,256,2025-08-27,Facebook,Mobile,0
1018,256,2025-03-09,Facebook,Mobile,0
1019,256,2025-10-15,Facebook,Mobile,1
1020,257,2025-06-12,Referral,Mobile,1
1021,257,2025-02-23,Referral,Desktop,1
1022,257,2025-11-11,Referral,Mobile,1
1023,257,2025-06-27,Referral,Desktop,0
1024,257,2025-09-05,Referral,Desktop,0
1025,257,2025-12-21,Referral,Desktop,0
1026,258,2025-12-24,Referral,Mobile,0
1027,258,2025-02-21,Referral,Desktop,1
1028,258,2025-12-14,Referral,Desktop,1
1029,258,2025-05-13,Referral,Desktop,0
1030,258,2025-08-07,Referral,Mobile,0
1031,258,2025-07-16,Referral,Desktop,0
1032,259,2025-12-15,Google Ads,Desktop,1
1033,259,2025-12-25,Google Ads,Mobile,0
1034,259,2025-10-02,Google Ads,Desktop,0
1035,259,2025-05-24,Google Ads,Mobile,0
1036,259,2025-09-19,Google Ads,Mobile,0
1037,260,2025-02-22,Instagram,Mobile,1
1038,260,2025-03-17,Instagram,Desktop,1
1039,260,2025-01-31,Instagram,Mobile,0
1040,260,2025-08-21,Instagram,Mobile,1
1041,260,2025-01-03,Instagram,Mobile,1
1042,261,2025-07-25,Facebook,Desktop,1
1043,261,2025-02-25,Facebook,Desktop,0
1044,261,2025-08-11,Facebook,Desktop,0
1045,261,2025-02-14,Facebook,Mobile,0
1046,262,2025-05-07,Organic,Desktop,0
1047,262,2025-06-21,Organic,Desktop,0
1048,262,2025-04-07,Organic,Desktop,1
1049,262,2025-10-02,Organic,Desktop,1
1050,263,2025-02-10,Organic,Desktop,1
1051,263,2025-07-14,Organic,Mobile,0
1052,264,2025-01-03,Referral,Desktop,1
1053,264,2025-11-18,Referral,Desktop,1
1054,264,2025-01-15,Referral,Desktop,0
1055,264,2025-03-30,Referral,Mobile,0
1056,264,2025-11-02,Referral,Mobile,1
1057,264,2025-07-29,Referral,Desktop,0
1058,265,2025-12-26,Instagram,Mobile,0
1059,265,2025-01-30,Instagram,Desktop,1
1060,265,2025-01-25,Instagram,Mobile,1
1061,265,2025-12-01,Instagram,Mobile,0
1062,265,2025-01-09,Instagram,Mobile,1
1063,266,2025-09-05,Google Ads,Mobile,0
1064,266,2025-06-20,Google Ads,Desktop,1
1065,266,2025-09-08,Google Ads,Mobile,0
1066,266,2025-08-11,Google Ads,Desktop,1
1067,267,2025-07-01,Facebook,Mobile,1
1068,267,2025-04-25,Facebook,Desktop,1
1069,267,2025-10-28,Facebook,Mobile,0
1070,268,2025-03-11,Instagram,Desktop,0
1071,268,2025-01-27,Instagram,Mobile,0
1072,268,2025-05-07,Instagram,Mobile,0
1073,268,2025-03-09,Instagram,Desktop,0
1074,268,2025-07-19,Instagram,Mobile,0
1075,269,2025-09-24,Organic,Mobile,0
1076,269,2025-11-21,Organic,Mobile,1
1077,269,2025-12-14,Organic,Mobile,1
1078,269,2025-08-11,Organic,Desktop,0
1079,269,2025-01-22,Organic,Desktop,0
1080,270,2025-09-18,Organic,Desktop,1
1081,270,2025-07-17,Organic,Mobile,0
1082,271,2025-10-12,Instagram,Mobile,0
1083,271,2025-01-01,Instagram,Desktop,1
1084,272,2025-11-30,Organic,Mobile,1
1085,272,2025-11-12,Organic,Mobile,0
1086,273,2025-09-02,Referral,Desktop,1
1087,273,2025-10-11,Referral,Mobile,1
1088,273,2025-03-26,Referral,Mobile,0
1089,274,2025-10-02,Google Ads,Desktop,0
1090,274,2025-08-19,Google Ads,Mobile,0
1091,275,2025-05-16,Facebook,Desktop,1
1092,275,2025-11-04,Facebook,Desktop,0
1093,276,2025-01-03,Referral,Desktop,0
1094,276,2025-09-04,Referral,Desktop,0
1095,276,2025-01-27,Referral,Mobile,1
1096,277,2025-05-29,Organic,Mobile,0
1097,277,2025-03-04,Organic,Mobile,0
1098,277,2025-09-01,Organic,Mobile,0
1099,278,2025-12-09,Google Ads,Desktop,1
1100,278,2025-08-13,Google Ads,Desktop,1
1101,278,2025-10-13,Google Ads,Mobile,1
1102,278,2025-12-28,Google Ads,Mobile,0
1103,278,2025-10-13,Google Ads,Desktop,1
1104,279,2025-09-08,Google Ads,Mobile,0
1105,279,2025-11-06,Google Ads,Desktop,0
1106,279,2025-07-29,Google Ads,Mobile,1
1107,279,2025-09-24,Google Ads,Mobile,1
1108,279,2025-02-23,Google Ads,Mobile,0
1109,279,2025-04-03,Google Ads,Mobile,1
1110,280,2025-11-18,Organic,Desktop,1
1111,280,2025-12-30,Organic,Desktop,1
1112,280,2025-08-14,Organic,Mobile,1
1113,280,2025-03-28,Organic,Desktop,1
1114,280,2025-02-09,Organic,Mobile,1
1115,280,2025-11-07,Organic,Mobile,1
1116,281,2025-06-04,Instagram,Desktop,1
1117,281,2025-08-10,Instagram,Desktop,1
1118,281,2025-07-17,Instagram,Desktop,1
1119,282,2025-08-13,Facebook,Desktop,1
1120,282,2025-12-02,Facebook,Mobile,1
1121,282,2025-06-29,Facebook,Desktop,1
1122,283,2025-04-04,Instagram,Desktop,1
1123,283,2025-05-09,Instagram,Desktop,0
1124,283,2025-02-06,Instagram,Mobile,0
1125,283,2025-12-28,Instagram,Mobile,0
1126,284,2025-09-29,Facebook,Mobile,0
1127,284,2025-12-25,Facebook,Mobile,1
1128,284,2025-10-25,Facebook,Mobile,1
1129,285,2025-01-14,Referral,Desktop,1
1130,285,2025-04-22,Referral,Mobile,1
1131,285,2025-05-01,Referral,Mobile,0
1132,285,2025-02-01,Referral,Mobile,0
1133,285,2025-07-26,Referral,Desktop,1
1134,285,2025-08-02,Referral,Mobile,0
1135,286,2025-09-24,Organic,Mobile,1
1136,286,2025-08-21,Organic,Mobile,1
1137,286,2025-09-01,Organic,Desktop,1
1138,286,2025-09-16,Organic,Desktop,0
1139,286,2025-09-15,Organic,Desktop,1
1140,287,2025-08-10,Referral,Mobile,1
1141,287,2025-04-13,Referral,Desktop,1
1142,287,2025-11-22,Referral,Mobile,1
1143,288,2025-12-19,Facebook,Mobile,0
1144,288,2025-06-27,Facebook,Desktop,1
1145,288,2025-08-18,Facebook,Mobile,1
1146,288,2025-12-28,Facebook,Mobile,0
1147,288,2025-12-18,Facebook,Mobile,1
1148,289,2025-05-03,Instagram,Mobile,1
1149,289,2025-06-21,Instagram,Mobile,0
1150,289,2025-01-08,Instagram,Mobile,0
1151,289,2025-10-25,Instagram,Mobile,0
1152,289,2025-10-14,Instagram,Desktop,1
1153,290,2025-12-16,Google Ads,Mobile,1
1154,290,2025-01-11,Google Ads,Desktop,1
1155,290,2025-04-20,Google Ads,Desktop,1
1156,291,2025-08-21,Organic,Desktop,0
1157,291,2025-03-27,Organic,Mobile,0
1158,291,2025-04-08,Organic,Mobile,1
1159,291,2025-01-20,Organic,Desktop,0
1160,291,2025-07-09,Organic,Mobile,1
1161,292,2025-08-16,Instagram,Mobile,1
1162,292,2025-08-21,Instagram,Desktop,0
1163,292,2025-11-06,Instagram,Desktop,1
1164,292,2025-04-08,Instagram,Desktop,0
1165,292,2025-06-17,Instagram,Mobile,0
1166,292,2025-08-17,Instagram,Desktop,1
1167,293,2025-10-02,Instagram,Mobile,0
1168,293,2025-07-30,Instagram,Desktop,0
1169,293,2025-06-25,Instagram,Desktop,1
1170,293,2025-04-18,Instagram,Desktop,0
1171,294,2025-08-27,Google Ads,Desktop,1
1172,294,2025-11-06,Google Ads,Mobile,1
1173,294,2025-05-21,Google Ads,Desktop,0
1174,294,2025-09-13,Google Ads,Desktop,1
1175,294,2025-04-15,Google Ads,Desktop,0
1176,295,2025-09-03,Referral,Mobile,0
1177,295,2025-02-20,Referral,Mobile,0
1178,295,2025-04-24,Referral,Desktop,0
1179,295,2025-02-20,Referral,Desktop,1
1180,296,2025-12-01,Referral,Mobile,0
1181,296,2025-08-03,Referral,Desktop,0
1182,296,2025-07-07,Referral,Mobile,0
1183,296,2025-03-17,Referral,Mobile,0
1184,297,2025-11-22,Google Ads,Desktop,0
1185,297,2025-03-30,Google Ads,Mobile,1
1186,297,2025-01-17,Google Ads,Desktop,0
1187,297,2025-02-27,Google Ads,Mobile,1
1188,297,2025-11-05,Google Ads,Mobile,1
1189,297,2025-02-03,Google Ads,Mobile,0
1190,298,2025-03-21,Referral,Mobile,0
1191,298,2025-03-18,Referral,Mobile,0
1192,298,2025-04-16,Referral,Mobile,0
1193,298,2025-05-25,Referral,Desktop,0
1194,299,2025-08-13,Instagram,Mobile,1
1195,299,2025-04-27,Instagram,Desktop,1
1196,300,2025-12-19,Google Ads,Mobile,0
1197,300,2025-01-09,Google Ads,Mobile,0
1198,300,2025-06-10,Google Ads,Mobile,1
1199,300,2025-07-06,Google Ads,Mobile,1
1200,300,2025-02-04,Google Ads,Desktop,0
1201,301,2025-07-06,Referral,Desktop,1
1202,301,2025-04-25,Referral,Desktop,1
1203,301,2025-04-21,Referral,Desktop,1
1204,301,2025-01-06,Referral,Desktop,1
1205,301,2025-09-23,Referral,Desktop,1
1206,302,2025-08-03,Organic,Mobile,1
1207,302,2025-03-27,Organic,Mobile,0
1208,303,2025-06-02,Instagram,Desktop,1
1209,303,2025-02-11,Instagram,Desktop,0
1210,303,2025-09-10,Instagram,Mobile,0
1211,303,2025-10-04,Instagram,Desktop,0
1212,303,2025-01-02,Instagram,Mobile,1
1213,303,2025-12-27,Instagram,Desktop,1
1214,304,2025-09-30,Instagram,Desktop,0
1215,304,2025-12-22,Instagram,Mobile,1
1216,304,2025-04-03,Instagram,Desktop,1
1217,304,2025-08-21,Instagram,Desktop,1
1218,304,2025-11-23,Instagram,Mobile,1
1219,305,2025-04-23,Organic,Mobile,0
1220,305,2025-11-27,Organic,Mobile,1
1221,305,2025-01-04,Organic,Desktop,0
1222,305,2025-01-20,Organic,Mobile,1
1223,305,2025-03-23,Organic,Desktop,0
1224,305,2025-07-10,Organic,Desktop,0
1225,306,2025-12-24,Organic,Desktop,1
1226,306,2025-02-01,Organic,Mobile,1
1227,307,2025-05-14,Facebook,Mobile,1
1228,307,2025-03-01,Facebook,Mobile,0
1229,308,2025-06-17,Google Ads,Desktop,0
1230,308,2025-09-25,Google Ads,Mobile,0
1231,308,2025-12-18,Google Ads,Mobile,1
1232,308,2025-03-07,Google Ads,Mobile,0
1233,309,2025-01-13,Google Ads,Desktop,0
1234,309,2025-03-25,Google Ads,Desktop,0
1235,309,2025-03-07,Google Ads,Mobile,1
1236,309,2025-06-01,Google Ads,Desktop,1
1237,309,2025-03-23,Google Ads,Desktop,0
1238,310,2025-06-04,Referral,Desktop,1
1239,310,2025-09-26,Referral,Mobile,0
1240,310,2025-09-24,Referral,Desktop,0
1241,311,2025-10-27,Referral,Mobile,0
1242,311,2025-07-01,Referral,Desktop,1
1243,311,2025-08-08,Referral,Mobile,0
1244,311,2025-06-27,Referral,Desktop,0
1245,311,2025-01-20,Referral,Mobile,0
1246,311,2025-09-27,Referral,Desktop,1
1247,312,2025-04-29,Facebook,Mobile,1
1248,312,2025-01-22,Facebook,Desktop,1
1249,312,2025-03-02,Facebook,Mobile,1
1250,312,2025-12-07,Facebook,Mobile,0
1251,313,2025-02-12,Google Ads,Desktop,1
1252,313,2025-03-07,Google Ads,Mobile,1
1253,313,2025-05-25,Google Ads,Desktop,1
1254,313,2025-12-15,Google Ads,Mobile,0
1255,313,2025-09-27,Google Ads,Mobile,1
1256,314,2025-06-07,Google Ads,Desktop,1
1257,314,2025-05-26,Google Ads,Mobile,0
1258,314,2025-03-13,Google Ads,Mobile,0
1259,315,2025-11-16,Instagram,Desktop,0
1260,315,2025-06-11,Instagram,Desktop,1
1261,315,2025-01-21,Instagram,Desktop,0
1262,315,2025-06-18,Instagram,Desktop,1
1263,315,2025-04-20,Instagram,Mobile,0
1264,315,2025-05-31,Instagram,Desktop,1
1265,316,2025-08-17,Facebook,Desktop,1
1266,316,2025-01-23,Facebook,Mobile,0
1267,316,2025-02-26,Facebook,Mobile,0
1268,316,2025-11-08,Facebook,Desktop,1
1269,316,2025-09-19,Facebook,Mobile,0
1270,317,2025-09-12,Organic,Mobile,1
1271,317,2025-06-17,Organic,Desktop,0
1272,317,2025-09-11,Organic,Desktop,0
1273,317,2025-03-31,Organic,Mobile,1
1274,317,2025-12-02,Organic,Desktop,1
1275,317,2025-08-22,Organic,Mobile,0
1276,318,2025-12-06,Facebook,Mobile,1
1277,318,2025-05-27,Facebook,Desktop,0
1278,318,2025-09-18,Facebook,Desktop,1
1279,318,2025-11-01,Facebook,Desktop,0
1280,318,2025-04-29,Facebook,Mobile,1
1281,319,2025-03-12,Referral,Desktop,0
1282,319,2025-07-09,Referral,Desktop,1
1283,319,2025-05-10,Referral,Desktop,0
1284,319,2025-05-10,Referral,Desktop,0
1285,319,2025-11-03,Referral,Desktop,0
1286,319,2025-09-21,Referral,Desktop,1
1287,320,2025-10-18,Instagram,Desktop,1
1288,320,2025-11-03,Instagram,Desktop,1
1289,320,2025-01-08,Instagram,Mobile,0
1290,320,2025-06-03,Instagram,Mobile,1
1291,320,2025-03-23,Instagram,Mobile,0
1292,321,2025-10-11,Organic,Desktop,0
1293,321,2025-09-24,Organic,Desktop,0
1294,321,2025-04-01,Organic,Mobile,1
1295,321,2025-08-03,Organic,Mobile,0
1296,321,2025-02-08,Organic,Desktop,0
1297,322,2025-11-14,Facebook,Mobile,1
1298,322,2025-07-31,Facebook,Mobile,1
1299,322,2025-03-12,Facebook,Desktop,1
1300,322,2025-06-26,Facebook,Desktop,1
1301,322,2025-11-10,Facebook,Desktop,1
1302,323,2025-01-21,Facebook,Desktop,0
1303,323,2025-01-31,Facebook,Mobile,0
1304,323,2025-10-02,Facebook,Desktop,0
1305,324,2025-06-13,Google Ads,Mobile,0
1306,324,2025-03-09,Google Ads,Mobile,0
1307,324,2025-11-26,Google Ads,Mobile,0
1308,324,2025-02-16,Google Ads,Mobile,1
1309,324,2025-06-23,Google Ads,Desktop,1
1310,325,2025-07-17,Instagram,Desktop,0
1311,325,2025-10-31,Instagram,Desktop,0
1312,325,2025-09-24,Instagram,Desktop,0
1313,325,2025-02-17,Instagram,Mobile,1
1314,326,2025-05-23,Instagram,Desktop,1
1315,326,2025-05-13,Instagram,Mobile,0
1316,326,2025-07-16,Instagram,Mobile,1
1317,327,2025-07-20,Referral,Mobile,1
1318,327,2025-09-27,Referral,Mobile,1
1319,327,2025-01-07,Referral,Mobile,0
1320,328,2025-09-07,Organic,Desktop,1
1321,328,2025-08-09,Organic,Mobile,1
1322,329,2025-02-06,Referral,Desktop,1
1323,329,2025-12-05,Referral,Mobile,1
1324,330,2025-06-10,Google Ads,Mobile,0
1325,330,2025-11-22,Google Ads,Desktop,1
1326,330,2025-06-21,Google Ads,Mobile,1
1327,330,2025-01-07,Google Ads,Desktop,1
1328,330,2025-05-10,Google Ads,Desktop,0
1329,330,2025-10-17,Google Ads,Desktop,0
1330,331,2025-01-02,Facebook,Mobile,1
1331,331,2025-05-29,Facebook,Desktop,1
1332,331,2025-01-28,Facebook,Desktop,0
1333,331,2025-10-30,Facebook,Mobile,1
1334,331,2025-08-16,Facebook,Mobile,1
1335,332,2025-04-15,Google Ads,Desktop,1
1336,332,2025-04-05,Google Ads,Desktop,0
1337,332,2025-03-10,Google Ads,Mobile,1
1338,332,2025-12-18,Google Ads,Desktop,1
1339,332,2025-04-12,Google Ads,Desktop,0
1340,332,2025-04-13,Google Ads,Desktop,0
1341,333,2025-11-09,Facebook,Desktop,0
1342,333,2025-02-03,Facebook,Desktop,1
1343,334,2025-09-17,Instagram,Mobile,0
1344,334,2025-04-26,Instagram,Desktop,1
1345,335,2025-01-04,Instagram,Mobile,0
1346,335,2025-03-09,Instagram,Mobile,0
1347,336,2025-04-15,Organic,Desktop,1
1348,336,2025-10-11,Organic,Mobile,0
1349,336,2025-10-11,Organic,Desktop,1
1350,336,2025-01-15,Organic,Mobile,1
1351,337,2025-11-03,Facebook,Desktop,0
1352,337,2025-02-18,Facebook,Desktop,1
1353,337,2025-03-07,Facebook,Mobile,0
1354,337,2025-03-16,Facebook,Mobile,0
1355,337,2025-04-20,Facebook,Desktop,0
1356,338,2025-05-10,Referral,Mobile,1
1357,338,2025-12-20,Referral,Mobile,1
1358,338,2025-08-15,Referral,Desktop,1
1359,338,2025-01-01,Referral,Mobile,0
1360,338,2025-11-25,Referral,Mobile,1
1361,339,2025-01-30,Referral,Desktop,0
1362,339,2025-01-02,Referral,Mobile,1
1363,339,2025-04-02,Referral,Mobile,0
1364,340,2025-06-01,Organic,Mobile,0
1365,340,2025-11-05,Organic,Desktop,1
1366,341,2025-04-29,Organic,Mobile,0
1367,341,2025-12-10,Organic,Desktop,0
1368,341,2025-07-20,Organic,Desktop,1
1369,341,2025-03-07,Organic,Mobile,0
1370,342,2025-11-04,Facebook,Mobile,1
1371,342,2025-01-04,Facebook,Mobile,1
1372,343,2025-09-13,Facebook,Mobile,1
1373,343,2025-11-06,Facebook,Mobile,1
1374,344,2025-10-22,Organic,Desktop,0
1375,344,2025-05-22,Organic,Mobile,0
1376,344,2025-08-10,Organic,Desktop,0
1377,344,2025-09-09,Organic,Mobile,1
1378,345,2025-09-03,Organic,Mobile,1
1379,345,2025-08-19,Organic,Mobile,0
1380,345,2025-05-21,Organic,Desktop,1
1381,346,2025-06-29,Organic,Desktop,0
1382,346,2025-01-14,Organic,Mobile,0
1383,346,2025-03-14,Organic,Desktop,1
1384,346,2025-10-23,Organic,Desktop,0
1385,346,2025-10-01,Organic,Desktop,0
1386,347,2025-12-14,Organic,Desktop,1
1387,347,2025-06-29,Organic,Mobile,1
1388,348,2025-06-20,Instagram,Mobile,0
1389,348,2025-05-13,Instagram,Mobile,1
1390,349,2025-09-06,Instagram,Mobile,1
1391,349,2025-03-25,Instagram,Mobile,1
1392,349,2025-02-18,Instagram,Mobile,1
1393,349,2025-04-15,Instagram,Mobile,0
1394,349,2025-04-10,Instagram,Desktop,1
1395,349,2025-06-09,Instagram,Mobile,0
1396,350,2025-06-16,Facebook,Mobile,0
1397,350,2025-12-12,Facebook,Mobile,0
1398,350,2025-08-22,Facebook,Desktop,1
1399,350,2025-04-18,Facebook,Mobile,1
1400,350,2025-03-17,Facebook,Desktop,0
1401,351,2025-01-26,Google Ads,Desktop,1
1402,351,2025-09-29,Google Ads,Desktop,1
1403,351,2025-02-04,Google Ads,Mobile,0
1404,352,2025-07-08,Organic,Mobile,0
1405,352,2025-12-26,Organic,Mobile,1
1406,352,2025-04-18,Organic,Mobile,0
1407,352,2025-12-09,Organic,Mobile,1
1408,352,2025-12-14,Organic,Desktop,0
1409,352,2025-12-23,Organic,Mobile,1
1410,353,2025-10-09,Organic,Mobile,1
1411,353,2025-08-06,Organic,Desktop,0
1412,353,2025-07-12,Organic,Mobile,0
1413,354,2025-10-08,Instagram,Desktop,0
1414,354,2025-10-07,Instagram,Desktop,1
1415,354,2025-10-04,Instagram,Desktop,1
1416,354,2025-09-17,Instagram,Mobile,1
1417,354,2025-10-03,Instagram,Desktop,1
1418,354,2025-10-01,Instagram,Mobile,1
1419,355,2025-08-09,Instagram,Mobile,1
1420,355,2025-06-03,Instagram,Mobile,1
1421,356,2025-05-14,Facebook,Desktop,1
1422,356,2025-09-14,Facebook,Mobile,1
1423,356,2025-08-30,Facebook,Mobile,1
1424,357,2025-02-15,Facebook,Mobile,0
1425,357,2025-02-23,Facebook,Mobile,1
1426,357,2025-10-04,Facebook,Mobile,1
1427,357,2025-02-13,Facebook,Desktop,1
1428,357,2025-06-03,Facebook,Desktop,0
1429,357,2025-02-27,Facebook,Desktop,0
1430,358,2025-07-09,Referral,Desktop,0
1431,358,2025-12-02,Referral,Mobile,1
1432,358,2025-10-01,Referral,Desktop,0
1433,359,2025-07-02,Google Ads,Mobile,1
1434,359,2025-09-12,Google Ads,Desktop,0
1435,360,2025-04-07,Referral,Desktop,0
1436,360,2025-03-22,Referral,Mobile,1
1437,360,2025-01-17,Referral,Mobile,0
1438,360,2025-09-17,Referral,Mobile,0
1439,360,2025-09-24,Referral,Mobile,0
1440,361,2025-01-05,Facebook,Mobile,1
1441,361,2025-09-23,Facebook,Desktop,1
1442,361,2025-03-09,Facebook,Desktop,0
1443,361,2025-07-06,Facebook,Desktop,1
1444,361,2025-02-23,Facebook,Mobile,1
1445,361,2025-06-21,Facebook,Desktop,0
1446,362,2025-04-29,Facebook,Mobile,1
1447,362,2025-08-11,Facebook,Mobile,0
1448,362,2025-11-27,Facebook,Desktop,0
1449,362,2025-08-16,Facebook,Desktop,1
1450,363,2025-10-26,Instagram,Desktop,1
1451,363,2025-04-13,Instagram,Desktop,1
1452,364,2025-02-20,Instagram,Mobile,0
1453,364,2025-01-26,Instagram,Desktop,0
1454,364,2025-07-19,Instagram,Desktop,0
1455,364,2025-10-10,Instagram,Mobile,0
1456,364,2025-10-09,Instagram,Mobile,0
1457,364,2025-05-28,Instagram,Desktop,0
1458,365,2025-09-07,Organic,Desktop,0
1459,365,2025-01-08,Organic,Desktop,0
1460,365,2025-08-30,Organic,Desktop,0
1461,365,2025-06-07,Organic,Mobile,0
1462,365,2025-04-13,Organic,Desktop,1
1463,366,2025-05-15,Organic,Mobile,0
1464,366,2025-03-14,Organic,Desktop,0
1465,366,2025-07-05,Organic,Mobile,1
1466,366,2025-10-19,Organic,Desktop,0
1467,366,2025-04-27,Organic,Mobile,0
1468,367,2025-04-20,Google Ads,Desktop,1
1469,367,2025-09-10,Google Ads,Mobile,1
1470,367,2025-06-15,Google Ads,Desktop,1
1471,367,2025-06-19,Google Ads,Mobile,0
1472,368,2025-11-18,Google Ads,Mobile,0
1473,368,2025-01-06,Google Ads,Desktop,0
1474,368,2025-10-15,Google Ads,Desktop,0
1475,368,2025-02-10,Google Ads,Desktop,1
1476,369,2025-05-03,Organic,Desktop,1
1477,369,2025-06-27,Organic,Desktop,0
1478,370,2025-11-15,Organic,Mobile,1
1479,370,2025-01-25,Organic,Mobile,1
1480,371,2025-12-30,Google Ads,Mobile,1
1481,371,2025-09-09,Google Ads,Desktop,0
1482,371,2025-05-29,Google Ads,Desktop,1
1483,371,2025-08-05,Google Ads,Desktop,0
1484,371,2025-07-06,Google Ads,Mobile,1
1485,372,2025-10-28,Google Ads,Desktop,1
1486,372,2025-05-18,Google Ads,Mobile,1
1487,372,2025-01-25,Google Ads,Desktop,0
1488,372,2025-06-25,Google Ads,Mobile,0
1489,372,2025-01-14,Google Ads,Desktop,0
1490,372,2025-02-28,Google Ads,Mobile,1
1491,373,2025-02-02,Facebook,Mobile,0
1492,373,2025-11-18,Facebook,Mobile,1
1493,373,2025-09-30,Facebook,Desktop,1
1494,373,2025-07-26,Facebook,Mobile,0
1495,373,2025-01-12,Facebook,Desktop,1
1496,373,2025-01-30,Facebook,Desktop,0
1497,374,2025-09-27,Facebook,Mobile,1
1498,374,2025-11-02,Facebook,Mobile,1
1499,374,2025-02-08,Facebook,Mobile,0
1500,375,2025-11-26,Referral,Mobile,0
1501,375,2025-08-26,Referral,Desktop,0
1502,375,2025-04-12,Referral,Desktop,1
1503,375,2025-11-04,Referral,Desktop,0
1504,375,2025-04-22,Referral,Mobile,0
1505,376,2025-08-08,Google Ads,Desktop,1
1506,376,2025-06-18,Google Ads,Mobile,0
1507,377,2025-02-28,Referral,Mobile,1
1508,377,2025-02-01,Referral,Desktop,1
1509,377,2025-03-03,Referral,Desktop,0
1510,378,2025-08-20,Instagram,Desktop,1
1511,378,2025-06-30,Instagram,Desktop,0
1512,379,2025-07-04,Referral,Desktop,0
1513,379,2025-07-12,Referral,Mobile,1
1514,380,2025-12-28,Referral,Desktop,0
1515,380,2025-09-01,Referral,Mobile,0
1516,380,2025-06-27,Referral,Desktop,0
1517,381,2025-06-24,Referral,Desktop,0
1518,381,2025-06-04,Referral,Mobile,1
1519,381,2025-08-29,Referral,Mobile,0
1520,381,2025-02-24,Referral,Desktop,0
1521,381,2025-06-03,Referral,Mobile,1
1522,382,2025-03-07,Instagram,Mobile,1
1523,382,2025-02-27,Instagram,Mobile,0
1524,382,2025-04-13,Instagram,Desktop,0
1525,382,2025-04-28,Instagram,Desktop,0
1526,383,2025-06-03,Organic,Mobile,0
1527,383,2025-03-03,Organic,Desktop,1
1528,384,2025-03-02,Instagram,Mobile,1
1529,384,2025-12-19,Instagram,Mobile,1
1530,384,2025-06-17,Instagram,Mobile,1
1531,384,2025-05-21,Instagram,Mobile,0
1532,384,2025-02-21,Instagram,Mobile,0
1533,385,2025-06-06,Organic,Desktop,0
1534,385,2025-11-20,Organic,Desktop,1
1535,385,2025-09-18,Organic,Mobile,0
1536,385,2025-10-17,Organic,Desktop,1
1537,386,2025-04-07,Referral,Desktop,0
1538,386,2025-03-07,Referral,Mobile,0
1539,386,2025-12-04,Referral,Mobile,0
1540,386,2025-01-21,Referral,Desktop,1
1541,386,2025-07-27,Referral,Desktop,1
1542,386,2025-11-11,Referral,Mobile,1
1543,387,2025-09-05,Instagram,Mobile,1
1544,387,2025-05-22,Instagram,Desktop,0
1545,387,2025-04-28,Instagram,Desktop,1
1546,387,2025-10-15,Instagram,Mobile,0
1547,388,2025-01-20,Facebook,Desktop,0
1548,388,2025-11-17,Facebook,Desktop,0
1549,388,2025-05-13,Facebook,Mobile,0
1550,389,2025-09-20,Organic,Desktop,0
1551,389,2025-06-10,Organic,Desktop,0
1552,389,2025-02-20,Organic,Mobile,0
1553,390,2025-03-14,Organic,Desktop,1
1554,390,2025-12-06,Organic,Mobile,0
1555,390,2025-08-27,Organic,Mobile,1
1556,390,2025-08-07,Organic,Mobile,0
1557,390,2025-07-12,Organic,Desktop,1
1558,391,2025-12-12,Referral,Desktop,1
1559,391,2025-01-21,Referral,Desktop,0
1560,391,2025-06-13,Referral,Desktop,0
1561,392,2025-12-14,Instagram,Desktop,1
1562,392,2025-09-05,Instagram,Mobile,1
1563,392,2025-07-06,Instagram,Mobile,0
1564,392,2025-09-08,Instagram,Desktop,0
1565,392,2025-08-31,Instagram,Desktop,1
1566,393,2025-04-04,Instagram,Desktop,1
1567,393,2025-09-03,Instagram,Desktop,0
1568,393,2025-07-30,Instagram,Mobile,1
1569,393,2025-06-18,Instagram,Mobile,1
1570,393,2025-03-01,Instagram,Mobile,1
1571,393,2025-05-15,Instagram,Desktop,1
1572,394,2025-03-11,Instagram,Desktop,0
1573,394,2025-06-17,Instagram,Desktop,0
1574,394,2025-02-26,Instagram,Mobile,0
1575,395,2025-11-26,Organic,Desktop,1
1576,395,2025-04-13,Organic,Desktop,1
1577,395,2025-11-07,Organic,Mobile,0
1578,396,2025-02-18,Instagram,Desktop,0
1579,396,2025-02-15,Instagram,Desktop,1
1580,396,2025-09-13,Instagram,Mobile,1
1581,396,2025-10-17,Instagram,Desktop,1
1582,397,2025-06-25,Referral,Mobile,0
1583,397,2025-05-14,Referral,Mobile,1
1584,397,2025-11-17,Referral,Mobile,1
1585,397,2025-11-29,Referral,Mobile,0
1586,397,2025-12-25,Referral,Mobile,1
1587,397,2025-10-17,Referral,Mobile,1
1588,398,2025-11-07,Instagram,Desktop,0
1589,398,2025-06-21,Instagram,Mobile,0
1590,398,2025-02-08,Instagram,Desktop,0
1591,398,2025-11-13,Instagram,Desktop,1
1592,399,2025-05-25,Facebook,Desktop,0
1593,399,2025-04-12,Facebook,Mobile,0
1594,399,2025-01-06,Facebook,Mobile,0
1595,400,2025-01-16,Facebook,Desktop,1
1596,400,2025-01-10,Facebook,Desktop,1
1597,400,2025-09-17,Facebook,Mobile,0
1598,400,2025-07-31,Facebook,Desktop,1
1599,400,2025-12-20,Facebook,Mobile,1
1600,401,2025-10-09,Referral,Mobile,1
1601,401,2025-11-06,Referral,Desktop,0
1602,402,2025-10-23,Instagram,Mobile,0
1603,402,2025-06-15,Instagram,Mobile,0
1604,402,2025-05-16,Instagram,Desktop,0
1605,403,2025-02-18,Google Ads,Desktop,1
1606,403,2025-10-27,Google Ads,Mobile,0
1607,403,2025-09-27,Google Ads,Mobile,0
1608,403,2025-05-10,Google Ads,Mobile,0
1609,403,2025-06-08,Google Ads,Desktop,0
1610,404,2025-06-04,Instagram,Desktop,1
1611,404,2025-07-22,Instagram,Desktop,1
1612,404,2025-09-03,Instagram,Desktop,0
1613,404,2025-09-30,Instagram,Mobile,1
1614,404,2025-08-12,Instagram,Desktop,0
1615,405,2025-01-23,Referral,Desktop,1
1616,405,2025-12-07,Referral,Desktop,1
1617,406,2025-09-21,Organic,Desktop,1
1618,406,2025-07-05,Organic,Desktop,1
1619,406,2025-01-10,Organic,Desktop,0
1620,406,2025-05-25,Organic,Mobile,0
1621,407,2025-02-07,Instagram,Mobile,0
1622,407,2025-07-25,Instagram,Desktop,1
1623,407,2025-03-04,Instagram,Mobile,1
1624,408,2025-06-11,Referral,Mobile,0
1625,408,2025-11-01,Referral,Mobile,1
1626,408,2025-10-20,Referral,Mobile,0
1627,409,2025-08-07,Instagram,Mobile,0
1628,409,2025-07-14,Instagram,Desktop,1
1629,409,2025-02-20,Instagram,Mobile,1
1630,410,2025-07-08,Facebook,Mobile,0
1631,410,2025-12-29,Facebook,Mobile,1
1632,410,2025-11-11,Facebook,Mobile,0
1633,411,2025-08-16,Facebook,Mobile,1
1634,411,2025-09-05,Facebook,Desktop,0
1635,411,2025-08-20,Facebook,Desktop,1
1636,411,2025-03-04,Facebook,Mobile,0
1637,412,2025-11-28,Facebook,Mobile,0
1638,412,2025-02-09,Facebook,Mobile,0
1639,412,2025-06-15,Facebook,Mobile,0
1640,412,2025-06-14,Facebook,Mobile,1
1641,413,2025-01-02,Organic,Desktop,1
1642,413,2025-04-22,Organic,Desktop,1
1643,414,2025-01-03,Organic,Mobile,1
1644,414,2025-11-07,Organic,Mobile,1
1645,415,2025-03-02,Referral,Desktop,1
1646,415,2025-03-20,Referral,Mobile,1
1647,415,2025-03-13,Referral,Mobile,0
1648,415,2025-12-19,Referral,Desktop,1
1649,416,2025-11-08,Facebook,Mobile,0
1650,416,2025-05-18,Facebook,Mobile,1
1651,417,2025-08-21,Google Ads,Mobile,1
1652,417,2025-05-18,Google Ads,Desktop,0
1653,418,2025-02-15,Facebook,Mobile,1
1654,418,2025-10-23,Facebook,Mobile,0
1655,418,2025-04-14,Facebook,Mobile,0
1656,419,2025-04-11,Google Ads,Desktop,0
1657,419,2025-04-30,Google Ads,Mobile,1
1658,420,2025-11-03,Instagram,Mobile,1
1659,420,2025-06-02,Instagram,Desktop,0
1660,421,2025-05-17,Referral,Mobile,1
1661,421,2025-08-06,Referral,Desktop,1
1662,422,2025-12-19,Organic,Desktop,1
1663,422,2025-02-19,Organic,Mobile,1
1664,422,2025-11-07,Organic,Desktop,0
1665,423,2025-12-12,Instagram,Mobile,1
1666,423,2025-02-03,Instagram,Mobile,0
1667,423,2025-05-12,Instagram,Mobile,1
1668,423,2025-03-04,Instagram,Desktop,1
1669,423,2025-11-14,Instagram,Desktop,1
1670,423,2025-05-19,Instagram,Mobile,1
1671,424,2025-04-06,Facebook,Desktop,1
1672,424,2025-01-01,Facebook,Desktop,1
1673,424,2025-03-07,Facebook,Mobile,1
1674,424,2025-11-06,Facebook,Mobile,0
1675,425,2025-05-13,Instagram,Desktop,1
1676,425,2025-09-17,Instagram,Mobile,0
1677,425,2025-04-26,Instagram,Mobile,1
1678,425,2025-12-05,Instagram,Desktop,1
1679,426,2025-10-08,Instagram,Mobile,1
1680,426,2025-05-14,Instagram,Desktop,1
1681,426,2025-01-24,Instagram,Desktop,1
1682,427,2025-08-19,Organic,Desktop,1
1683,427,2025-02-07,Organic,Mobile,1
1684,428,2025-05-30,Referral,Mobile,1
1685,428,2025-03-24,Referral,Desktop,1
1686,428,2025-01-23,Referral,Mobile,1
1687,428,2025-07-30,Referral,Desktop,1
1688,428,2025-09-08,Referral,Desktop,0
1689,428,2025-07-28,Referral,Desktop,0
1690,429,2025-09-16,Facebook,Desktop,1
1691,429,2025-04-02,Facebook,Desktop,1
1692,429,2025-03-12,Facebook,Mobile,1
1693,430,2025-09-21,Instagram,Desktop,1
1694,430,2025-10-06,Instagram,Mobile,1
1695,430,2025-05-21,Instagram,Desktop,0
1696,431,2025-02-12,Facebook,Desktop,1
1697,431,2025-09-30,Facebook,Desktop,0
1698,432,2025-05-03,Instagram,Desktop,1
1699,432,2025-04-25,Instagram,Desktop,1
1700,432,2025-05-23,Instagram,Desktop,1
1701,433,2025-09-21,Facebook,Desktop,0
1702,433,2025-03-11,Facebook,Desktop,0
1703,434,2025-01-07,Organic,Mobile,1
1704,434,2025-11-30,Organic,Mobile,0
1705,434,2025-09-18,Organic,Desktop,1
1706,434,2025-01-20,Organic,Mobile,0
1707,435,2025-12-19,Instagram,Mobile,1
1708,435,2025-01-13,Instagram,Mobile,0
1709,436,2025-04-16,Facebook,Mobile,1
1710,436,2025-05-04,Facebook,Mobile,1
1711,436,2025-05-23,Facebook,Mobile,0
1712,436,2025-12-25,Facebook,Mobile,1
1713,436,2025-11-21,Facebook,Desktop,1
1714,436,2025-01-09,Facebook,Desktop,1
1715,437,2025-10-26,Instagram,Mobile,1
1716,437,2025-02-12,Instagram,Mobile,1
1717,437,2025-02-19,Instagram,Desktop,1
1718,437,2025-05-01,Instagram,Mobile,0
1719,437,2025-01-20,Instagram,Desktop,0
1720,438,2025-03-20,Referral,Mobile,1
1721,438,2025-03-02,Referral,Desktop,0
1722,438,2025-04-05,Referral,Mobile,1
1723,438,2025-07-20,Referral,Desktop,1
1724,438,2025-03-31,Referral,Desktop,1
1725,438,2025-08-26,Referral,Desktop,1
1726,439,2025-03-23,Organic,Desktop,0
1727,439,2025-11-29,Organic,Mobile,1
1728,439,2025-09-12,Organic,Desktop,0
1729,439,2025-07-23,Organic,Mobile,1
1730,439,2025-03-18,Organic,Mobile,1
1731,440,2025-11-22,Facebook,Desktop,0
1732,440,2025-05-22,Facebook,Desktop,0
1733,440,2025-09-18,Facebook,Mobile,1
1734,440,2025-05-14,Facebook,Mobile,0
1735,441,2025-12-23,Instagram,Desktop,0
1736,441,2025-12-20,Instagram,Mobile,1
1737,442,2025-10-11,Instagram,Mobile,0
1738,442,2025-06-11,Instagram,Mobile,1
1739,442,2025-11-14,Instagram,Mobile,0
1740,442,2025-07-06,Instagram,Mobile,1
1741,443,2025-11-05,Referral,Mobile,1
1742,443,2025-02-10,Referral,Desktop,0
1743,443,2025-07-17,Referral,Mobile,0
1744,443,2025-08-19,Referral,Desktop,1
1745,444,2025-12-25,Instagram,Desktop,1
1746,444,2025-06-15,Instagram,Desktop,0
1747,445,2025-11-01,Referral,Mobile,1
1748,445,2025-03-05,Referral,Desktop,1
1749,445,2025-04-21,Referral,Mobile,0
1750,445,2025-09-26,Referral,Mobile,0
1751,445,2025-01-20,Referral,Desktop,1
1752,446,2025-04-18,Google Ads,Mobile,1
1753,446,2025-02-24,Google Ads,Desktop,0
1754,446,2025-10-24,Google Ads,Mobile,0
1755,447,2025-02-17,Instagram,Desktop,1
1756,447,2025-09-02,Instagram,Desktop,1
1757,447,2025-12-08,Instagram,Desktop,1
1758,447,2025-06-17,Instagram,Mobile,1
1759,447,2025-02-11,Instagram,Desktop,0
1760,448,2025-06-22,Google Ads,Mobile,1
1761,448,2025-02-19,Google Ads,Mobile,1
1762,448,2025-03-02,Google Ads,Mobile,0
1763,449,2025-10-11,Organic,Desktop,0
1764,449,2025-01-28,Organic,Mobile,0
1765,449,2025-01-04,Organic,Desktop,1
1766,449,2025-10-25,Organic,Desktop,1
1767,450,2025-04-02,Google Ads,Mobile,0
1768,450,2025-11-25,Google Ads,Desktop,1
1769,450,2025-02-09,Google Ads,Mobile,0
1770,450,2025-06-02,Google Ads,Mobile,1
1771,450,2025-10-16,Google Ads,Mobile,1
1772,450,2025-01-07,Google Ads,Mobile,1
1773,451,2025-01-22,Google Ads,Desktop,0
1774,451,2025-11-18,Google Ads,Mobile,0
1775,451,2025-04-04,Google Ads,Desktop,1
1776,451,2025-12-19,Google Ads,Mobile,0
1777,451,2025-11-10,Google Ads,Desktop,1
1778,451,2025-10-18,Google Ads,Desktop,0
1779,452,2025-05-27,Facebook,Desktop,1
1780,452,2025-04-04,Facebook,Mobile,1
1781,453,2025-07-08,Facebook,Mobile,1
1782,453,2025-08-24,Facebook,Desktop,1
1783,453,2025-09-14,Facebook,Desktop,0
1784,453,2025-01-04,Facebook,Desktop,1
1785,453,2025-01-10,Facebook,Mobile,1
1786,454,2025-07-12,Instagram,Mobile,0
1787,454,2025-02-07,Instagram,Desktop,1
1788,454,2025-08-11,Instagram,Mobile,0
1789,455,2025-09-17,Referral,Desktop,0
1790,455,2025-07-03,Referral,Mobile,0
1791,455,2025-01-09,Referral,Mobile,1
1792,455,2025-12-14,Referral,Desktop,0
1793,455,2025-04-25,Referral,Mobile,0
1794,456,2025-06-12,Referral,Mobile,0
1795,456,2025-12-25,Referral,Mobile,0
1796,456,2025-04-03,Referral,Desktop,0
1797,456,2025-03-29,Referral,Mobile,0
1798,456,2025-12-25,Referral,Desktop,1
1799,457,2025-10-04,Organic,Desktop,1
1800,457,2025-01-27,Organic,Desktop,0
1801,457,2025-11-09,Organic,Desktop,1
1802,457,2025-07-07,Organic,Desktop,0
1803,457,2025-02-03,Organic,Desktop,0
1804,457,2025-02-04,Organic,Mobile,1
1805,458,2025-09-04,Instagram,Mobile,0
1806,458,2025-05-09,Instagram,Mobile,0
1807,459,2025-06-11,Referral,Mobile,0
1808,459,2025-01-02,Referral,Desktop,1
1809,460,2025-08-10,Organic,Desktop,1
1810,460,2025-03-21,Organic,Desktop,1
1811,460,2025-01-02,Organic,Desktop,0
1812,460,2025-02-04,Organic,Mobile,1
1813,460,2025-07-03,Organic,Desktop,0
1814,461,2025-06-28,Google Ads,Desktop,1
1815,461,2025-12-26,Google Ads,Mobile,1
1816,461,2025-05-08,Google Ads,Desktop,1
1817,461,2025-02-26,Google Ads,Mobile,0
1818,461,2025-03-19,Google Ads,Mobile,0
1819,462,2025-03-04,Organic,Mobile,0
1820,462,2025-04-22,Organic,Mobile,0
1821,462,2025-11-06,Organic,Desktop,1
1822,462,2025-11-21,Organic,Desktop,0
1823,462,2025-11-28,Organic,Desktop,0
1824,462,2025-10-26,Organic,Desktop,0
1825,463,2025-07-16,Referral,Mobile,1
1826,463,2025-04-26,Referral,Mobile,0
1827,464,2025-06-09,Referral,Desktop,0
1828,464,2025-09-11,Referral,Desktop,0
1829,464,2025-12-10,Referral,Mobile,0
1830,464,2025-03-31,Referral,Mobile,0
1831,464,2025-03-31,Referral,Mobile,1
1832,465,2025-03-14,Organic,Mobile,1
1833,465,2025-12-31,Organic,Mobile,0
1834,465,2025-02-04,Organic,Desktop,1
1835,465,2025-01-23,Organic,Desktop,1
1836,465,2025-03-14,Organic,Mobile,1
1837,466,2025-06-20,Organic,Mobile,0
1838,466,2025-07-24,Organic,Mobile,0
1839,467,2025-09-20,Referral,Desktop,0
1840,467,2025-09-23,Referral,Mobile,1
1841,467,2025-05-21,Referral,Desktop,1
1842,467,2025-12-06,Referral,Mobile,1
1843,468,2025-09-19,Facebook,Desktop,0
1844,468,2025-12-11,Facebook,Desktop,1
1845,468,2025-05-03,Facebook,Mobile,1
1846,469,2025-05-01,Referral,Desktop,0
1847,469,2025-08-09,Referral,Desktop,0
1848,469,2025-02-09,Referral,Mobile,1
1849,470,2025-12-04,Google Ads,Desktop,0
1850,470,2025-08-31,Google Ads,Desktop,0
1851,470,2025-12-22,Google Ads,Mobile,0
1852,471,2025-10-20,Organic,Mobile,0
1853,471,2025-09-18,Organic,Mobile,1
1854,471,2025-05-14,Organic,Mobile,0
1855,471,2025-06-27,Organic,Mobile,1
1856,471,2025-01-08,Organic,Desktop,0
1857,471,2025-06-19,Organic,Mobile,0
1858,472,2025-03-19,Google Ads,Mobile,0
1859,472,2025-09-01,Google Ads,Desktop,0
1860,472,2025-08-29,Google Ads,Mobile,1
1861,472,2025-01-31,Google Ads,Mobile,1
1862,472,2025-05-26,Google Ads,Mobile,1
1863,473,2025-09-16,Facebook,Desktop,0
1864,473,2025-07-05,Facebook,Mobile,1
1865,473,2025-03-09,Facebook,Mobile,0
1866,473,2025-12-12,Facebook,Mobile,0
1867,473,2025-11-20,Facebook,Desktop,0
1868,474,2025-09-20,Google Ads,Desktop,1
1869,474,2025-06-05,Google Ads,Desktop,1
1870,474,2025-10-24,Google Ads,Mobile,1
1871,474,2025-02-20,Google Ads,Desktop,0
1872,475,2025-02-17,Instagram,Desktop,0
1873,475,2025-06-17,Instagram,Desktop,1
1874,475,2025-10-22,Instagram,Mobile,0
1875,475,2025-04-25,Instagram,Desktop,1
1876,475,2025-08-14,Instagram,Mobile,1
1877,475,2025-11-14,Instagram,Desktop,1
1878,476,2025-08-22,Facebook,Desktop,0
1879,476,2025-09-21,Facebook,Mobile,1
1880,476,2025-08-09,Facebook,Desktop,1
1881,476,2025-02-17,Facebook,Desktop,1
1882,476,2025-02-20,Facebook,Desktop,1
1883,476,2025-08-20,Facebook,Desktop,0
1884,477,2025-12-17,Google Ads,Mobile,0
1885,477,2025-04-03,Google Ads,Mobile,1
1886,477,2025-08-20,Google Ads,Desktop,1
1887,477,2025-08-30,Google Ads,Mobile,1
1888,477,2025-02-05,Google Ads,Mobile,1
1889,478,2025-03-11,Google Ads,Desktop,0
1890,478,2025-07-06,Google Ads,Desktop,0
1891,478,2025-02-06,Google Ads,Desktop,0
1892,478,2025-10-21,Google Ads,Desktop,1
1893,478,2025-11-22,Google Ads,Desktop,0
1894,478,2025-03-11,Google Ads,Desktop,1
1895,479,2025-06-01,Facebook,Desktop,1
1896,479,2025-09-14,Facebook,Desktop,1
1897,480,2025-11-26,Referral,Mobile,1
1898,480,2025-03-28,Referral,Desktop,0
1899,481,2025-04-02,Referral,Desktop,1
1900,481,2025-05-16,Referral,Desktop,1
1901,481,2025-04-18,Referral,Desktop,1
1902,481,2025-11-14,Referral,Desktop,1
1903,482,2025-02-20,Facebook,Desktop,1
1904,482,2025-11-11,Facebook,Mobile,1
1905,482,2025-05-15,Facebook,Desktop,1
1906,482,2025-04-27,Facebook,Mobile,1
1907,482,2025-07-15,Facebook,Mobile,1
1908,482,2025-08-20,Facebook,Mobile,0
1909,483,2025-03-28,Organic,Mobile,0
1910,483,2025-04-07,Organic,Desktop,0
1911,484,2025-02-20,Referral,Mobile,0
1912,484,2025-01-07,Referral,Desktop,1
1913,484,2025-01-27,Referral,Mobile,0
1914,485,2025-05-26,Facebook,Mobile,1
1915,485,2025-05-26,Facebook,Mobile,1
1916,485,2025-08-14,Facebook,Mobile,1
1917,485,2025-04-26,Facebook,Desktop,0
1918,485,2025-08-25,Facebook,Mobile,1
1919,485,2025-04-12,Facebook,Mobile,1
1920,486,2025-09-13,Instagram,Mobile,0
1921,486,2025-12-19,Instagram,Desktop,0
1922,486,2025-10-14,Instagram,Mobile,0
1923,486,2025-05-17,Instagram,Mobile,1
1924,486,2025-01-28,Instagram,Mobile,1
1925,487,2025-06-25,Instagram,Mobile,0
1926,487,2025-04-07,Instagram,Mobile,0
1927,487,2025-05-25,Instagram,Mobile,0
1928,487,2025-11-18,Instagram,Mobile,1
1929,487,2025-09-19,Instagram,Desktop,1
1930,487,2025-01-03,Instagram,Desktop,1
1931,488,2025-12-01,Instagram,Mobile,0
1932,488,2025-05-08,Instagram,Desktop,0
1933,488,2025-03-18,Instagram,Desktop,0
1934,488,2025-05-19,Instagram,Mobile,1
1935,488,2025-12-28,Instagram,Mobile,0
1936,489,2025-12-14,Facebook,Desktop,1
1937,489,2025-09-29,Facebook,Desktop,1
1938,489,2025-09-15,Facebook,Mobile,1
1939,489,2025-06-21,Facebook,Mobile,0
1940,489,2025-09-29,Facebook,Mobile,1
1941,490,2025-09-01,Google Ads,Mobile,1
1942,490,2025-06-30,Google Ads,Desktop,0
1943,490,2025-09-08,Google Ads,Mobile,1
1944,491,2025-11-10,Referral,Mobile,1
1945,491,2025-09-15,Referral,Mobile,0
1946,491,2025-12-12,Referral,Mobile,1
1947,491,2025-03-16,Referral,Mobile,1
1948,491,2025-05-04,Referral,Desktop,1
1949,491,2025-04-06,Referral,Desktop,0
1950,492,2025-10-29,Facebook,Mobile,1
1951,492,2025-11-02,Facebook,Desktop,0
1952,492,2025-02-17,Facebook,Desktop,0
1953,492,2025-01-28,Facebook,Desktop,0
1954,493,2025-05-24,Organic,Mobile,1
1955,493,2025-07-15,Organic,Mobile,0
1956,493,2025-10-24,Organic,Desktop,0
1957,493,2025-04-26,Organic,Mobile,0
1958,493,2025-07-09,Organic,Mobile,1
1959,493,2025-01-27,Organic,Mobile,0
1960,494,2025-04-22,Referral,Desktop,1
1961,494,2025-02-17,Referral,Desktop,0
1962,494,2025-05-31,Referral,Mobile,1
1963,494,2025-05-05,Referral,Mobile,0
1964,495,2025-08-09,Referral,Desktop,1
1965,495,2025-12-30,Referral,Mobile,1
1966,495,2025-06-24,Referral,Mobile,1
1967,495,2025-05-20,Referral,Mobile,0
1968,495,2025-02-08,Referral,Mobile,0
1969,496,2025-01-01,Facebook,Desktop,1
1970,496,2025-03-10,Facebook,Desktop,0
1971,496,2025-02-19,Facebook,Mobile,1
1972,496,2025-11-06,Facebook,Desktop,1
1973,496,2025-01-02,Facebook,Mobile,1
1974,496,2025-12-24,Facebook,Mobile,0
1975,497,2025-04-01,Referral,Mobile,0
1976,497,2025-03-25,Referral,Mobile,0
1977,497,2025-08-04,Referral,Desktop,0
1978,497,2025-01-13,Referral,Desktop,0
1979,497,2025-07-13,Referral,Desktop,0
1980,498,2025-11-05,Organic,Desktop,1
1981,498,2025-07-20,Organic,Mobile,1
1982,498,2025-06-21,Organic,Mobile,1
1983,499,2025-05-16,Organic,Desktop,0
1984,499,2025-10-02,Organic,Desktop,1
1985,499,2025-12-28,Organic,Desktop,1
1986,500,2025-07-14,Organic,Mobile,0
1987,500,2025-11-06,Organic,Desktop,0
1988,500,2025-04-30,Organic,Mobile,1
